id_incidente;fecha_incidente;hora_incidente;id_oficina;ciudad_oficina;llamada_fcs;dia_mes;aforo_alto;ocupacion_categoria;franja_horaria;agresion_fisica_verbal;servicio_vigilante;ccaa_videoportero;fraudes_detectados;seguimiento_procedimiento_mitigacion
1;01/01/2022;8:40:00;OF-002;Alicante;0;1;1;alto;manana;0;0;1;1;0
2;02/01/2022;8:39:00;OF-020;Valladolid;0;2;0;medio;manana;0;0;0;1;1
3;05/06/2022;11:15:00;OF-022;Madrid;0;3;0;medio;manana;1;1;0;2;1
4;04/01/2022;18:07:00;OF-017;Sevilla;0;4;0;bajo;manana;0;0;1;2;0
5;06/01/2022;10:02:00;OF-008;Gij?;0;6;0;medio;manana;1;0;1;4;0
6;06/01/2022;13:50:00;OF-009;Granada;0;6;1;alto;tarde;1;0;1;0;0
7;09/01/2022;10:40:00;OF-009;Granada;0;9;1;alto;tarde;0;0;1;2;0
8;09/01/2022;8:49:00;OF-021;Vigo;0;9;1;alto;manana;1;0;1;2;0
9;10/01/2022;12:17:00;OF-001;A Coruna;0;6;0;medio;manana;0;1;1;2;0
10;12/01/2022;9:21:00;OF-003;Barcelona;0;12;0;medio;manana;0;1;1;2;0
11;13/01/2022;15:55:00;OF-004;Barcelona;0;13;0;medio;tarde;0;0;0;0;1
12;13/01/2022;16:39:00;OF-005;Bilbao;0;13;1;alto;tarde;0;1;1;1;0
13;14/01/2022;10:33:00;OF-006;C?iz;0;14;0;medio;manana;0;0;0;2;0
14;14/01/2022;9:37:00;OF-009;Granada;0;14;0;medio;tarde;0;1;1;1;0
15;20/01/2022;16:14:00;OF-006;C?iz;0;20;1;alto;manana;1;0;1;1;0
16;23/01/2022;16:00:00;OF-014;Oviedo;0;23;1;alto;manana;0;0;1;1;0
17;25/01/2022;14:14:00;OF-004;Barcelona;0;25;1;alto;tarde;0;1;0;1;0
18;27/01/2022;17:28:00;OF-002;Alicante;0;27;0;bajo;manana;0;0;0;0;0
19;27/01/2022;14:03:00;OF-021;Vigo;0;27;1;alto;manana;0;1;1;0;0
20;25/01/2022;9:00:00;OF-024;Zaragoza;0;27;0;bajo;tarde;1;0;0;0;1
21;25/01/2022;14:24:00;OF-028;Valencia;0;27;1;alto;tarde;1;1;1;1;0
22;28/01/2022;17:08:00;OF-015;Salamanca;0;28;0;medio;manana;0;0;0;3;0
23;28/01/2022;13:51:00;OF-015;Salamanca;0;28;0;medio;tarde;1;1;0;1;0
24;30/01/2022;8:51:00;OF-003;Barcelona;0;4;1;alto;tarde;1;1;0;1;0
25;31/01/2022;15:43:00;OF-003;Barcelona;0;31;0;medio;manana;0;1;1;3;0
26;31/01/2022;17:25:00;OF-019;Valencia;0;31;0;medio;manana;0;1;1;1;0
27;01/02/2022;14:00:00;OF-005;Bilbao;0;1;1;alto;manana;0;1;0;0;1
28;03/02/2022;9:17:00;OF-015;Salamanca;0;3;1;alto;manana;0;0;0;1;1
29;03/02/2022;13:36:00;OF-015;Salamanca;0;3;1;alto;tarde;0;0;1;0;0
30;03/02/2022;14:04:00;OF-017;Sevilla;0;3;0;medio;tarde;1;0;0;0;1
31;04/02/2022;17:33:00;OF-015;Salamanca;0;4;0;medio;tarde;0;0;1;4;0
32;05/02/2022;14:00:00;OF-003;Barcelona;0;17;0;medio;tarde;0;0;1;1;0
33;10/02/2022;9:18:00;OF-012;M?aga;0;6;1;alto;tarde;1;0;0;0;0
34;09/02/2022;13:44:00;OF-017;Sevilla;0;9;1;alto;manana;0;1;0;2;0
35;10/02/2022;8:59:00;OF-003;Barcelona;0;10;0;medio;tarde;1;1;1;0;0
36;10/02/2022;17:15:00;OF-005;Bilbao;0;10;1;alto;tarde;1;0;1;0;0
37;10/02/2022;13:57:00;OF-019;Valencia;0;10;0;medio;tarde;0;1;1;0;0
38;10/02/2022;13:47:00;OF-023;Madrid;0;10;1;alto;manana;0;0;0;2;0
39;13/02/2022;8:57:00;OF-005;Bilbao;0;13;1;alto;tarde;0;0;1;1;0
40;14/02/2022;13:46:00;OF-019;Valencia;0;14;1;alto;manana;0;1;0;1;1
41;05/02/2022;13:48:00;OF-011;Madrid;0;15;0;bajo;tarde;1;0;1;3;0
42;15/02/2022;9:20:00;OF-018;Tenerife;0;15;0;medio;manana;0;1;1;1;0
43;16/02/2022;13:43:00;OF-014;Oviedo;0;16;0;bajo;tarde;0;0;0;0;0
44;16/02/2022;14:08:00;OF-019;Valencia;1;16;0;medio;manana;0;1;0;0;0
45;18/02/2022;14:14:00;OF-016;Santander;0;18;0;medio;manana;0;0;0;1;0
46;19/02/2022;9:14:00;OF-010;Las Palmas;0;19;0;medio;manana;0;0;0;2;0
47;21/02/2022;13:41:00;OF-003;Barcelona;0;21;1;alto;tarde;1;1;0;1;0
48;22/02/2022;15:48:00;OF-021;Vigo;0;22;0;medio;manana;0;0;0;0;0
49;23/02/2022;13:59:00;OF-006;C?iz;0;23;0;medio;manana;1;0;1;1;0
50;24/02/2022;9:34:00;OF-006;C?iz;0;24;0;medio;manana;0;1;1;1;0
51;26/02/2022;13:40:00;OF-011;Madrid;0;26;1;alto;tarde;1;1;0;0;0
52;27/02/2022;14:04:00;OF-021;Vigo;0;27;1;alto;manana;0;1;1;1;0
53;28/02/2022;13:57:00;OF-024;Zaragoza;0;28;1;alto;tarde;0;0;0;0;1
54;01/03/2022;14:27:00;OF-005;Bilbao;0;14;1;alto;manana;0;1;1;1;0
55;01/03/2022;14:02:00;OF-009;Granada;0;12;0;medio;tarde;0;1;0;1;0
56;01/03/2022;9:00:00;OF-020;Valladolid;0;1;0;bajo;tarde;1;1;1;0;0
57;02/03/2022;13:40:00;OF-004;Barcelona;0;2;0;medio;tarde;0;0;1;2;0
58;02/03/2022;9:07:00;OF-019;Valencia;0;2;0;medio;manana;0;0;1;1;1
59;03/03/2022;13:40:00;OF-011;Madrid;0;3;1;alto;manana;0;0;1;1;0
60;04/03/2022;9:36:00;OF-013;Murcia;0;4;0;medio;tarde;1;0;0;3;0
61;06/03/2022;8:40:00;OF-003;Barcelona;0;6;0;medio;tarde;1;1;1;0;0
62;06/03/2022;8:53:00;OF-009;Granada;0;6;0;bajo;manana;0;1;0;0;0
63;06/03/2022;9:34:00;OF-014;Oviedo;0;6;0;medio;manana;1;0;0;3;0
64;10/03/2022;9:27:00;OF-001;A Coruna;0;8;0;alto;manana;0;1;0;1;0
65;12/03/2022;14:20:00;OF-003;Barcelona;0;12;1;bajo;manana;0;0;1;3;0
66;13/03/2022;8:48:00;OF-016;Santander;0;13;1;alto;manana;1;0;0;2;0
67;15/03/2022;13:51:00;OF-004;Barcelona;0;15;0;medio;manana;1;0;1;4;0
68;15/03/2022;15:30:00;OF-017;Sevilla;0;15;0;medio;manana;1;0;1;0;1
69;17/03/2022;13:56:00;OF-011;Madrid;0;17;1;alto;manana;0;0;1;1;0
70;17/03/2022;13:23:00;OF-022;Madrid;0;17;0;medio;manana;0;1;1;4;0
71;18/03/2022;13:44:00;OF-016;Santander;0;18;0;medio;tarde;1;0;1;1;0
72;20/03/2022;9:33:00;OF-016;Santander;0;20;1;bajo;tarde;0;0;0;1;0
73;23/03/2022;13:25:00;OF-017;Sevilla;0;23;1;alto;manana;1;0;0;1;0
74;24/03/2022;13:41:00;OF-002;Alicante;0;14;0;medio;manana;1;0;0;1;0
75;26/03/2022;14:11:00;OF-012;M?aga;0;26;0;medio;tarde;1;1;0;2;0
76;26/03/2022;9:18:00;OF-019;Valencia;0;26;0;bajo;manana;0;1;0;0;0
77;26/03/2022;13:56:00;OF-023;Madrid;0;26;0;medio;tarde;1;1;0;0;0
78;27/03/2022;17:13:00;OF-004;Barcelona;0;10;1;alto;manana;0;0;1;1;1
79;27/03/2022;14:16:00;OF-020;Valladolid;0;27;1;alto;manana;0;0;1;2;0
80;28/03/2022;9:10:00;OF-017;Sevilla;0;28;1;alto;manana;0;0;0;0;0
81;29/03/2022;14:10:00;OF-009;Granada;0;29;0;medio;manana;0;0;1;2;0
82;29/03/2022;14:13:00;OF-020;Valladolid;0;29;0;medio;manana;0;0;0;4;0
83;30/03/2022;9:26:00;OF-007;C?doba;0;30;1;bajo;manana;0;0;1;0;0
84;30/03/2022;13:57:00;OF-015;Salamanca;0;30;1;bajo;manana;0;0;1;0;0
85;30/03/2022;9:26:00;OF-019;Valencia;0;30;1;bajo;tarde;1;1;1;0;0
86;01/04/2022;9:14:00;OF-021;Vigo;0;1;0;medio;tarde;0;1;1;1;0
87;03/04/2022;8:48:00;OF-004;Barcelona;0;3;0;medio;tarde;1;1;1;3;0
88;03/04/2022;13:58:00;OF-005;Bilbao;0;3;1;alto;tarde;1;0;1;1;0
89;05/04/2022;13:31:00;OF-010;Las Palmas;0;5;1;alto;manana;0;0;1;0;0
90;06/04/2022;9:15:00;OF-020;Valladolid;0;6;1;bajo;manana;0;0;1;0;0
91;09/04/2022;14:16:00;OF-009;Granada;0;9;0;medio;manana;1;1;1;0;0
92;10/04/2022;14:19:00;OF-009;Granada;0;10;1;alto;manana;0;0;0;1;0
93;13/04/2022;17:09:00;OF-004;Barcelona;0;13;1;alto;manana;1;1;0;1;0
94;14/04/2022;14:13:00;OF-011;Madrid;0;14;0;alto;tarde;1;1;0;2;0
95;27/04/2022;9:00:00;OF-010;Las Palmas;0;27;1;alto;manana;1;1;1;1;0
96;10/05/2022;13:33:00;OF-011;Madrid;0;10;0;medio;tarde;0;1;1;1;0
97;20/05/2022;13:57:00;OF-011;Madrid;0;20;0;medio;manana;1;1;0;0;0
98;27/05/2022;13:29:00;OF-017;Sevilla;0;27;1;alto;manana;0;0;1;0;0
99;02/06/2022;9:25:00;OF-015;Salamanca;0;2;0;medio;tarde;0;0;1;2;0
100;03/06/2022;13:50:00;OF-015;Salamanca;0;3;0;bajo;manana;0;0;1;4;0
101;26/06/2022;9:38:00;OF-011;Madrid;0;26;0;medio;tarde;0;0;1;2;0
102;01/07/2022;13:59:00;OF-013;Murcia;0;1;0;medio;tarde;1;0;1;1;0
103;03/07/2022;9:04:00;OF-001;A Coruna;1;3;0;medio;tarde;1;0;0;2;0
104;07/07/2022;15:54:00;OF-013;Murcia;0;7;1;alto;manana;0;0;1;1;0
105;12/07/2022;17:43:00;OF-012;M?aga;0;12;1;alto;tarde;1;0;0;0;0
106;13/07/2022;14:22:00;OF-012;M?aga;0;13;0;bajo;manana;0;0;1;1;1
107;15/07/2022;8:57:00;OF-001;A Coruna;0;15;1;alto;manana;1;0;0;0;0
108;16/07/2022;14:03:00;OF-012;M?aga;0;16;0;medio;manana;0;1;1;2;0
109;17/07/2022;9:29:00;OF-013;Murcia;0;17;0;medio;manana;0;0;1;2;0
110;28/07/2022;13:25:00;OF-012;M?aga;0;28;0;medio;tarde;0;0;0;0;0
111;01/08/2022;9:00:00;OF-012;M?aga;0;1;1;alto;manana;0;0;1;1;0
112;16/08/2022;14:05:00;OF-012;M?aga;0;16;0;medio;tarde;0;0;1;3;0
113;18/09/2022;9:02:00;OF-017;Sevilla;0;18;0;medio;manana;0;1;1;2;0
114;21/09/2022;8:55:00;OF-017;Sevilla;0;21;1;bajo;manana;0;0;1;0;0
115;24/09/2022;16:01:00;OF-012;M?aga;0;24;0;medio;manana;0;1;1;0;0
116;07/10/2022;14:02:00;OF-015;Salamanca;0;7;1;alto;tarde;1;0;0;2;0
117;11/10/2022;9:10:00;OF-009;Granada;0;11;0;bajo;manana;1;0;0;1;0
118;13/10/2022;13:31:00;OF-013;Murcia;0;13;0;medio;manana;0;1;0;1;0
119;14/11/2022;8:56:00;OF-008;Gij?;0;14;1;bajo;manana;1;1;1;3;0
120;02/12/2022;17:19:00;OF-015;Salamanca;0;2;0;bajo;manana;0;1;0;1;0
121;14/12/2022;14:10:00;OF-010;Las Palmas;0;14;0;medio;manana;0;1;1;1;0
122;01/01/2023;9:11:00;OF-014;Oviedo;0;1;0;medio;tarde;1;0;1;0;0
123;01/01/2023;14:20:00;OF-016;Santander;0;1;0;medio;tarde;0;1;1;1;0
124;02/01/2023;9:02:00;OF-010;Las Palmas;0;2;0;medio;tarde;0;0;1;1;0
125;04/01/2023;9:32:00;OF-009;Granada;0;4;0;medio;tarde;0;1;1;2;1
126;06/01/2023;14:14:00;OF-005;Bilbao;0;17;0;medio;tarde;0;0;1;1;1
127;06/01/2023;9:10:00;OF-011;Madrid;0;6;0;medio;manana;0;1;1;1;0
128;08/01/2023;14:17:00;OF-016;Santander;0;8;1;alto;manana;1;0;1;0;0
129;09/01/2023;17:19:00;OF-029;Madrid;0;9;1;alto;manana;1;0;1;3;0
130;10/01/2023;14:10:00;OF-028;Valencia;0;10;1;bajo;tarde;0;1;1;1;0
131;11/01/2023;9:03:00;OF-004;Barcelona;0;11;0;medio;manana;0;1;0;0;0
132;11/01/2023;13:48:00;OF-011;Madrid;0;11;1;bajo;manana;0;0;0;3;0
133;12/01/2023;13:45:00;OF-012;M?aga;0;12;1;alto;manana;1;0;1;0;1
134;12/01/2023;9:12:00;OF-022;Madrid;0;12;0;medio;manana;1;1;1;1;0
135;25/01/2023;9:11:00;OF-028;Valencia;0;13;0;medio;manana;1;1;1;3;0
136;17/01/2023;9:05:00;OF-028;Valencia;0;17;1;alto;manana;1;1;1;1;0
137;05/01/2023;13:35:00;OF-005;Bilbao;0;18;0;medio;tarde;1;0;0;2;0
138;18/01/2023;9:32:00;OF-024;Zaragoza;0;18;0;medio;manana;0;1;1;1;0
139;20/01/2023;9:25:00;OF-027;Madrid;0;20;1;alto;manana;0;1;1;0;0
140;21/01/2023;8:49:00;OF-021;Vigo;0;21;1;bajo;manana;1;0;1;0;0
141;22/01/2023;13:58:00;OF-023;Madrid;0;22;0;medio;manana;1;1;1;1;0
142;23/01/2023;9:30:00;OF-007;C?doba;0;23;0;alto;manana;1;0;1;2;0
143;24/01/2023;13:37:00;OF-002;Alicante;0;14;1;alto;manana;1;0;0;1;1
144;25/01/2023;9:12:00;OF-004;Barcelona;0;25;1;alto;manana;0;1;1;0;0
145;25/01/2023;9:17:00;OF-007;C?doba;0;15;0;medio;tarde;1;1;1;1;0
146;25/01/2023;9:24:00;OF-008;Gij?;0;25;1;alto;manana;0;0;1;1;0
147;25/01/2023;14:22:00;OF-022;Madrid;0;25;1;alto;tarde;1;1;1;2;0
148;27/01/2023;17:44:00;OF-013;Murcia;0;27;1;alto;tarde;1;1;0;3;0
149;27/01/2023;14:02:00;OF-028;Valencia;0;27;1;alto;tarde;0;0;0;5;1
150;28/01/2023;8:45:00;OF-005;Bilbao;0;28;1;alto;manana;1;0;0;2;0
151;28/01/2023;13:33:00;OF-020;Valladolid;0;28;1;alto;manana;0;0;1;2;0
152;29/01/2023;9:12:00;OF-019;Valencia;0;29;0;bajo;manana;0;0;0;0;0
153;29/01/2023;13:50:00;OF-026;Barcelona;0;29;1;alto;tarde;0;0;0;3;0
154;29/01/2023;9:07:00;OF-028;Valencia;0;29;0;medio;tarde;1;1;1;2;0
155;30/01/2023;14:21:00;OF-007;C?doba;0;10;0;medio;manana;1;0;0;2;0
156;03/02/2023;13:55:00;OF-007;C?doba;0;3;1;alto;tarde;0;1;1;1;0
157;03/02/2023;9:10:00;OF-011;Madrid;0;3;0;bajo;manana;0;1;1;1;0
158;03/02/2023;14:02:00;OF-017;Sevilla;0;3;1;alto;manana;0;1;1;0;1
159;04/02/2023;13:30:00;OF-010;Las Palmas;0;4;1;alto;tarde;1;0;0;0;0
160;04/02/2023;9:28:00;OF-019;Valencia;0;4;1;alto;tarde;1;1;0;3;0
161;05/02/2023;9:24:00;OF-007;C?doba;0;5;1;alto;tarde;0;0;1;1;0
162;06/02/2023;14:02:00;OF-005;Bilbao;0;16;0;medio;manana;0;1;1;3;0
163;07/02/2023;9:33:00;OF-003;Barcelona;0;7;1;alto;manana;0;1;1;0;0
164;10/02/2023;17:32:00;OF-006;C?iz;0;10;0;medio;manana;1;1;0;1;0
165;10/02/2023;13:57:00;OF-011;Madrid;0;10;1;alto;tarde;0;0;1;2;1
166;10/02/2023;8:55:00;OF-024;Zaragoza;0;10;0;bajo;tarde;0;0;1;0;0
167;05/02/2023;13:53:00;OF-026;Barcelona;0;11;0;medio;tarde;1;1;1;1;0
168;11/02/2023;13:41:00;OF-026;Barcelona;0;11;0;medio;tarde;1;0;1;1;1
169;12/02/2023;9:24:00;OF-020;Valladolid;0;12;1;alto;tarde;1;1;1;1;0
170;12/02/2023;13:54:00;OF-028;Valencia;0;12;1;alto;tarde;1;1;1;1;0
171;16/02/2023;9:14:00;OF-010;Las Palmas;0;16;1;alto;manana;1;0;0;0;0
172;16/02/2023;13:36:00;OF-020;Valladolid;1;16;0;medio;tarde;0;0;1;2;0
173;17/02/2023;9:26:00;OF-019;Valencia;0;17;0;medio;tarde;0;1;0;0;0
174;20/02/2023;17:20:00;OF-002;Alicante;0;20;0;medio;manana;0;1;1;1;0
175;20/02/2023;14:11:00;OF-002;Alicante;0;20;0;medio;tarde;1;0;1;0;0
176;20/02/2023;8:46:00;OF-004;Barcelona;0;20;1;bajo;tarde;0;0;0;2;1
177;22/02/2023;14:01:00;OF-022;Madrid;0;22;0;bajo;manana;0;1;0;0;0
178;23/02/2023;8:32:00;OF-018;Tenerife;0;23;1;alto;manana;1;1;0;0;0
179;24/02/2023;14:13:00;OF-004;Barcelona;0;24;0;medio;tarde;0;1;1;2;0
180;24/02/2023;9:03:00;OF-028;Valencia;0;24;1;bajo;manana;1;0;1;0;1
181;24/02/2023;13:53:00;OF-028;Valencia;0;24;0;medio;manana;0;1;0;3;0
182;27/02/2023;9:26:00;OF-020;Valladolid;0;27;0;medio;manana;1;0;1;0;1
183;28/02/2023;8:37:00;OF-011;Madrid;0;28;0;medio;manana;0;1;1;1;0
184;02/03/2023;9:29:00;OF-004;Barcelona;0;2;1;alto;manana;0;1;0;0;0
185;02/03/2023;9:17:00;OF-009;Granada;0;2;0;medio;manana;0;0;0;1;0
186;03/03/2023;17:19:00;OF-008;Gij?;0;3;0;bajo;manana;0;1;1;1;0
187;04/03/2023;14:05:00;OF-004;Barcelona;0;4;0;medio;tarde;0;1;1;0;0
188;04/03/2023;9:11:00;OF-014;Oviedo;0;4;0;medio;tarde;1;0;1;1;0
189;06/03/2023;13:45:00;OF-015;Salamanca;0;6;1;alto;tarde;0;1;0;2;0
190;08/03/2023;14:11:00;OF-005;Bilbao;0;8;0;medio;tarde;0;0;0;1;0
191;10/03/2023;13:32:00;OF-021;Vigo;0;10;0;bajo;tarde;0;0;1;2;0
192;10/03/2023;9:32:00;OF-022;Madrid;0;10;1;alto;tarde;0;1;0;0;0
193;14/03/2023;14:02:00;OF-011;Madrid;0;14;0;bajo;tarde;0;1;0;2;0
194;16/03/2023;9:02:00;OF-010;Las Palmas;0;16;0;medio;manana;0;0;0;0;0
195;16/03/2023;15:51:00;OF-011;Madrid;0;16;1;alto;manana;0;1;1;0;0
196;16/03/2023;17:24:00;OF-022;Madrid;0;16;0;medio;manana;0;1;1;2;0
197;16/03/2023;9:15:00;OF-023;Madrid;0;16;0;bajo;tarde;1;1;1;1;0
198;19/03/2023;15:56:00;OF-004;Barcelona;0;19;0;medio;manana;0;1;1;1;0
199;19/03/2023;13:49:00;OF-019;Valencia;0;19;0;medio;manana;0;1;0;0;0
200;21/03/2023;14:10:00;OF-004;Barcelona;0;21;1;alto;manana;1;1;1;1;0
201;22/03/2023;9:18:00;OF-020;Valladolid;0;22;1;alto;tarde;0;0;0;1;0
202;22/03/2023;13:32:00;OF-029;Madrid;0;22;0;medio;manana;0;0;1;1;0
203;24/03/2023;14:05:00;OF-004;Barcelona;0;10;1;alto;manana;0;0;1;1;0
204;24/03/2023;13:27:00;OF-012;M?aga;0;24;1;alto;tarde;0;0;1;3;0
205;26/03/2023;9:10:00;OF-002;Alicante;0;17;0;alto;manana;1;0;0;0;0
206;26/03/2023;16:00:00;OF-007;C?doba;0;31;0;medio;manana;1;0;1;0;0
207;27/03/2023;14:21:00;OF-021;Vigo;0;27;1;alto;manana;0;0;0;1;0
208;29/03/2023;14:21:00;OF-005;Bilbao;0;29;0;medio;manana;0;0;1;1;0
209;30/03/2023;8:58:00;OF-020;Valladolid;0;30;1;alto;manana;1;1;1;0;0
210;31/03/2023;13:43:00;OF-012;M?aga;0;31;1;alto;manana;0;0;1;1;0
211;01/04/2023;14:01:00;OF-019;Valencia;0;1;1;bajo;tarde;0;1;1;0;0
212;02/04/2023;9:25:00;OF-021;Vigo;0;2;0;medio;tarde;0;0;1;1;0
213;03/04/2023;14:05:00;OF-024;Zaragoza;0;3;1;bajo;manana;1;1;0;2;0
214;04/04/2023;9:06:00;OF-022;Madrid;0;4;0;medio;manana;0;0;1;0;1
215;05/04/2023;9:00:00;OF-010;Las Palmas;0;5;1;alto;manana;0;0;0;1;0
216;06/04/2023;14:16:00;OF-016;Santander;0;6;0;medio;manana;0;0;1;4;0
217;06/04/2023;17:32:00;OF-025;Madrid;0;6;1;alto;manana;1;1;1;0;0
218;06/04/2023;13:48:00;OF-027;Madrid;0;6;0;medio;tarde;0;1;1;1;0
219;06/04/2023;8:53:00;OF-028;Valencia;0;6;1;alto;manana;0;1;1;1;0
220;08/04/2023;9:07:00;OF-012;M?aga;0;8;1;alto;tarde;1;1;1;0;0
221;09/04/2023;9:04:00;OF-002;Alicante;0;9;1;alto;tarde;1;1;0;1;1
222;09/04/2023;13:57:00;OF-009;Granada;0;9;1;alto;tarde;0;0;1;4;0
223;09/04/2023;9:29:00;OF-011;Madrid;0;9;0;medio;manana;0;0;0;1;0
224;12/04/2023;9:00:00;OF-028;Valencia;0;12;1;alto;manana;0;1;1;1;0
225;13/04/2023;13:44:00;OF-014;Oviedo;0;13;0;medio;manana;0;0;0;1;0
226;14/04/2023;14:13:00;OF-023;Madrid;0;14;0;medio;tarde;0;0;0;1;0
227;17/04/2023;9:10:00;OF-012;M?aga;0;17;0;bajo;tarde;0;0;1;1;0
228;18/04/2023;13:39:00;OF-008;Gij?;0;18;1;alto;tarde;0;0;0;3;0
229;21/04/2023;14:05:00;OF-002;Alicante;0;21;0;medio;manana;0;1;1;1;0
230;21/04/2023;9:03:00;OF-013;Murcia;0;21;1;bajo;tarde;1;0;0;1;0
231;23/04/2023;13:38:00;OF-008;Gij?;0;23;0;medio;tarde;1;0;0;2;0
232;23/04/2023;14:15:00;OF-028;Valencia;0;23;0;bajo;manana;0;1;1;0;0
233;24/04/2023;13:39:00;OF-029;Madrid;0;24;0;medio;manana;1;1;0;1;0
234;25/04/2023;14:09:00;OF-016;Santander;0;25;0;medio;tarde;0;0;0;1;0
235;27/04/2023;9:25:00;OF-014;Oviedo;0;27;0;bajo;manana;0;0;1;0;0
236;28/04/2023;9:27:00;OF-003;Barcelona;0;28;0;medio;tarde;0;1;0;3;1
237;28/04/2023;14:12:00;OF-020;Valladolid;0;28;1;bajo;manana;0;0;1;2;1
238;30/04/2023;9:20:00;OF-027;Madrid;0;30;1;alto;tarde;1;0;0;2;0
239;02/05/2023;14:10:00;OF-011;Madrid;0;2;1;alto;manana;1;1;0;0;0
240;02/05/2023;17:20:00;OF-012;M?aga;0;2;1;alto;manana;0;0;1;1;0
241;03/05/2022;13:56:00;OF-011;Madrid;0;3;0;bajo;manana;0;1;0;1;0
242;05/05/2022;8:42:00;OF-005;Bilbao;0;15;0;medio;manana;0;0;0;2;0
243;06/05/2022;13:48:00;OF-010;Las Palmas;0;6;1;alto;manana;1;1;0;0;0
244;06/05/2022;13:59:00;OF-022;Madrid;0;6;0;medio;tarde;0;1;0;0;0
245;08/05/2023;9:02:00;OF-002;Alicante;0;8;1;alto;tarde;0;0;1;2;0
246;08/05/2022;13:16:00;OF-011;Madrid;0;8;1;alto;tarde;1;1;0;1;0
247;08/05/2022;9:01:00;OF-013;Murcia;0;8;0;medio;tarde;0;0;1;2;0
248;10/05/2023;8:44:00;OF-003;Barcelona;0;10;0;medio;tarde;0;1;1;1;0
249;11/05/2023;13:28:00;OF-015;Salamanca;0;11;1;alto;manana;0;0;1;0;1
250;11/05/2023;9:02:00;OF-026;Barcelona;0;11;1;bajo;manana;1;1;1;0;0
251;12/05/2023;9:08:00;OF-021;Vigo;0;12;0;medio;manana;0;1;0;0;0
252;13/05/2023;17:42:00;OF-018;Tenerife;0;13;1;alto;tarde;0;0;1;1;0
253;14/05/2023;13:56:00;OF-022;Madrid;0;14;1;bajo;manana;0;1;0;1;0
254;18/05/2023;8:50:00;OF-022;Madrid;0;18;0;medio;tarde;1;1;1;0;0
255;25/05/2023;13:50:00;OF-012;M?aga;0;19;1;bajo;tarde;1;0;1;2;0
256;21/05/2023;13:37:00;OF-008;Gij?;0;21;0;bajo;manana;1;0;0;2;0
257;10/05/2023;14:02:00;OF-026;Barcelona;1;23;0;medio;manana;1;1;1;1;0
258;24/05/2023;9:28:00;OF-011;Madrid;0;24;0;medio;tarde;1;1;1;0;0
259;24/05/2023;9:07:00;OF-022;Madrid;0;24;1;alto;tarde;0;1;0;1;0
260;24/05/2023;13:41:00;OF-025;Madrid;0;24;0;bajo;manana;0;0;0;2;0
261;25/05/2023;13:29:00;OF-005;Bilbao;0;25;1;alto;manana;0;1;1;1;0
262;25/05/2022;9:09:00;OF-026;Barcelona;0;25;1;alto;manana;0;1;1;3;0
263;27/05/2022;9:07:00;OF-004;Barcelona;0;27;0;medio;manana;0;0;1;3;0
264;28/05/2022;17:15:00;OF-011;Madrid;0;28;1;bajo;tarde;0;1;1;0;1
265;29/05/2022;13:43:00;OF-028;Valencia;0;29;1;alto;manana;0;1;1;0;0
266;30/05/2022;8:58:00;OF-021;Vigo;0;30;0;medio;tarde;0;1;1;0;1
267;31/05/2022;13:59:00;OF-002;Alicante;0;31;0;medio;manana;0;0;0;2;0
268;31/05/2023;15:46:00;OF-004;Barcelona;0;31;0;bajo;manana;0;1;0;0;0
269;01/06/2023;14:12:00;OF-005;Bilbao;0;15;0;medio;manana;1;1;1;1;1
270;01/06/2023;9:15:00;OF-008;Gij?;0;1;0;alto;manana;1;0;1;2;0
271;03/06/2023;13:24:00;OF-028;Valencia;0;3;1;alto;manana;1;1;0;0;0
272;04/06/2023;14:14:00;OF-006;C?iz;0;4;0;medio;tarde;0;0;0;0;0
273;05/06/2023;9:17:00;OF-014;Oviedo;0;5;1;alto;tarde;1;0;1;3;0
274;06/06/2023;8:54:00;OF-013;Murcia;0;6;0;medio;tarde;0;0;1;1;1
275;06/06/2023;9:34:00;OF-026;Barcelona;0;6;0;medio;manana;1;1;1;1;0
276;07/06/2023;14:24:00;OF-003;Barcelona;0;7;0;medio;manana;0;1;1;0;0
277;07/06/2023;14:25:00;OF-012;M?aga;0;7;0;medio;tarde;0;0;0;1;0
278;09/06/2023;14:19:00;OF-013;Murcia;0;9;0;medio;manana;1;1;0;0;0
279;09/06/2023;17:35:00;OF-022;Madrid;0;9;0;medio;manana;1;1;0;0;0
280;10/06/2023;13:54:00;OF-017;Sevilla;0;10;0;bajo;tarde;0;1;0;3;0
281;11/06/2023;8:53:00;OF-008;Gij?;0;11;1;bajo;manana;0;0;1;1;0
282;11/06/2023;13:50:00;OF-009;Granada;0;11;0;medio;manana;0;1;1;1;0
283;14/06/2023;9:03:00;OF-023;Madrid;0;14;1;alto;tarde;0;1;1;1;1
284;16/06/2023;9:06:00;OF-020;Valladolid;0;16;1;alto;tarde;0;0;1;0;0
285;19/06/2023;13:48:00;OF-015;Salamanca;0;19;1;alto;manana;0;1;0;0;0
286;21/06/2023;9:21:00;OF-004;Barcelona;0;21;1;alto;manana;1;0;1;1;0
287;21/06/2023;9:04:00;OF-021;Vigo;0;21;0;medio;manana;0;0;1;0;0
288;22/06/2023;16:06:00;OF-011;Madrid;0;22;0;medio;tarde;0;1;1;2;0
289;22/06/2023;14:30:00;OF-028;Valencia;0;22;1;alto;manana;0;0;0;4;1
290;23/06/2023;8:55:00;OF-012;M?aga;0;23;0;medio;manana;1;1;1;1;0
291;26/06/2023;14:10:00;OF-004;Barcelona;0;17;0;medio;manana;1;0;1;2;1
292;26/06/2023;9:05:00;OF-006;C?iz;0;16;0;bajo;tarde;0;1;0;0;0
293;26/06/2023;13:34:00;OF-008;Gij?;0;26;0;medio;tarde;1;0;0;1;0
294;26/06/2023;8:58:00;OF-024;Zaragoza;0;26;0;alto;tarde;1;1;1;2;0
295;30/06/2023;14:11:00;OF-010;Las Palmas;0;30;1;alto;manana;0;0;1;3;0
296;03/07/2023;15:56:00;OF-016;Santander;1;3;0;medio;tarde;1;0;0;1;0
297;05/07/2023;14:04:00;OF-009;Granada;0;17;1;alto;manana;1;0;1;0;1
298;06/07/2023;14:04:00;OF-018;Tenerife;0;6;0;medio;manana;0;0;0;0;0
299;06/07/2023;8:50:00;OF-023;Madrid;0;6;0;medio;manana;0;1;1;1;1
300;10/07/2023;8:58:00;OF-008;Gij?;0;7;0;medio;manana;1;0;0;1;0
301;09/07/2023;13:54:00;OF-013;Murcia;0;9;0;medio;manana;0;0;1;0;0
302;09/07/2023;9:22:00;OF-025;Madrid;0;9;0;medio;manana;0;1;0;1;0
303;10/07/2023;9:08:00;OF-011;Madrid;0;10;1;alto;tarde;0;1;0;1;0
304;11/07/2023;14:14:00;OF-006;C?iz;0;11;1;alto;tarde;1;0;0;1;1
305;13/07/2023;8:59:00;OF-011;Madrid;0;13;1;alto;tarde;0;1;0;0;0
306;13/07/2023;16:11:00;OF-017;Sevilla;0;13;0;medio;tarde;1;0;1;0;0
307;17/07/2023;17:33:00;OF-019;Valencia;0;17;0;medio;tarde;1;1;0;2;0
308;19/07/2023;14:00:00;OF-017;Sevilla;0;19;0;medio;manana;0;0;1;2;0
309;20/07/2023;8:42:00;OF-012;M?aga;0;20;1;alto;manana;1;0;0;2;0
310;20/07/2023;14:02:00;OF-018;Tenerife;0;20;1;alto;manana;1;0;0;1;0
311;20/07/2023;14:14:00;OF-026;Barcelona;0;20;1;bajo;manana;1;1;0;4;0
312;21/07/2023;8:57:00;OF-017;Sevilla;0;21;1;alto;manana;1;0;0;1;0
313;21/07/2023;9:37:00;OF-018;Tenerife;0;21;0;medio;tarde;0;1;0;0;0
314;22/07/2023;9:01:00;OF-004;Barcelona;0;22;1;alto;manana;1;1;1;2;0
315;22/07/2023;14:05:00;OF-009;Granada;0;22;1;alto;manana;0;0;1;1;0
316;23/07/2023;14:02:00;OF-004;Barcelona;0;21;0;medio;manana;1;1;1;1;0
317;24/07/2023;9:17:00;OF-021;Vigo;0;24;1;alto;manana;0;0;1;2;0
318;25/07/2023;14:11:00;OF-015;Salamanca;0;25;1;alto;manana;1;0;1;1;0
319;26/07/2023;17:27:00;OF-013;Murcia;0;26;1;alto;manana;1;0;0;2;0
320;26/07/2023;14:21:00;OF-018;Tenerife;0;26;0;medio;tarde;0;0;1;1;0
321;27/07/2023;9:04:00;OF-018;Tenerife;0;27;0;medio;manana;0;0;1;0;0
322;30/07/2023;13:59:00;OF-012;M?aga;0;30;0;medio;tarde;1;0;1;2;0
323;02/08/2023;13:23:00;OF-018;Tenerife;0;2;1;bajo;tarde;1;1;1;0;0
324;03/08/2023;9:01:00;OF-026;Barcelona;0;3;0;medio;manana;1;0;0;1;0
325;04/08/2023;13:35:00;OF-002;Alicante;0;16;1;alto;tarde;1;1;1;0;0
326;04/08/2023;8:52:00;OF-011;Madrid;0;4;1;alto;tarde;0;1;1;2;0
327;04/08/2023;13:54:00;OF-025;Madrid;0;4;0;medio;manana;0;1;1;1;0
328;05/08/2023;14:16:00;OF-008;Gij?;0;5;1;alto;manana;0;0;1;0;0
329;05/08/2023;9:03:00;OF-022;Madrid;0;5;1;alto;manana;0;1;0;2;0
330;05/08/2023;14:20:00;OF-024;Zaragoza;0;5;1;alto;tarde;0;0;0;1;0
331;06/08/2023;8:45:00;OF-003;Barcelona;0;6;1;alto;tarde;0;1;1;1;0
332;06/08/2023;13:37:00;OF-008;Gij?;0;6;0;bajo;tarde;1;0;1;4;0
333;08/08/2023;8:41:00;OF-009;Granada;0;8;1;alto;tarde;1;1;0;1;0
334;13/08/2023;13:44:00;OF-025;Madrid;0;13;0;medio;manana;0;0;0;1;0
335;14/08/2023;9:33:00;OF-006;C?iz;0;14;0;medio;manana;0;1;0;1;0
336;17/08/2023;8:41:00;OF-011;Madrid;0;17;0;medio;manana;0;0;0;1;0
337;18/08/2023;13:49:00;OF-028;Valencia;0;18;1;alto;tarde;0;1;1;1;0
338;19/08/2023;9:08:00;OF-011;Madrid;0;19;1;bajo;manana;0;1;1;0;0
339;19/08/2023;13:34:00;OF-013;Murcia;0;19;0;medio;manana;0;0;0;2;1
340;19/08/2023;14:01:00;OF-024;Zaragoza;0;19;0;bajo;manana;1;0;0;1;0
341;21/08/2023;9:28:00;OF-010;Las Palmas;0;21;0;medio;tarde;1;0;0;2;0
342;21/08/2023;14:25:00;OF-013;Murcia;0;21;0;medio;manana;0;1;0;2;0
343;23/08/2023;17:24:00;OF-008;Gij?;0;23;1;alto;tarde;0;0;1;0;1
344;24/08/2023;14:18:00;OF-003;Barcelona;1;24;1;alto;manana;1;1;1;0;0
345;24/08/2023;9:00:00;OF-004;Barcelona;0;24;0;alto;tarde;1;1;1;0;0
346;25/08/2023;13:43:00;OF-003;Barcelona;0;25;1;alto;manana;1;1;0;1;0
347;27/08/2023;8:49:00;OF-016;Santander;0;27;0;medio;tarde;1;0;1;0;0
348;31/08/2023;14:01:00;OF-012;M?aga;0;31;1;alto;manana;0;0;1;4;1
349;31/08/2023;9:30:00;OF-016;Santander;0;31;0;medio;tarde;0;0;1;1;0
350;01/09/2023;13:39:00;OF-012;M?aga;0;1;0;bajo;manana;0;0;1;2;0
351;03/09/2023;9:31:00;OF-020;Valladolid;0;3;0;medio;tarde;1;0;0;1;1
352;04/09/2023;8:51:00;OF-006;C?iz;0;4;0;medio;manana;0;0;0;2;0
353;04/09/2023;13:30:00;OF-022;Madrid;0;4;1;bajo;manana;0;1;0;1;0
354;06/09/2023;9:25:00;OF-015;Salamanca;0;6;0;medio;tarde;1;1;0;1;0
355;06/09/2023;13:54:00;OF-015;Salamanca;0;6;0;medio;tarde;1;0;0;3;0
356;07/09/2023;8:54:00;OF-009;Granada;0;7;0;medio;manana;0;0;1;2;0
357;10/09/2023;16:00:00;OF-002;Alicante;0;10;0;medio;manana;0;0;1;1;0
358;10/09/2023;14:17:00;OF-013;Murcia;0;10;0;medio;tarde;1;1;1;1;0
359;11/09/2023;17:41:00;OF-015;Salamanca;0;11;0;bajo;manana;1;0;0;0;0
360;11/09/2023;14:21:00;OF-024;Zaragoza;0;11;1;alto;tarde;1;1;1;1;0
361;13/09/2023;8:54:00;OF-004;Barcelona;0;13;1;alto;manana;0;1;1;1;0
362;15/09/2023;14:08:00;OF-022;Madrid;1;15;0;medio;manana;1;1;1;2;1
363;16/09/2023;17:22:00;OF-012;M?aga;0;16;1;alto;tarde;1;0;1;0;0
364;16/09/2023;13:53:00;OF-015;Salamanca;0;16;0;medio;manana;1;1;1;1;0
365;18/09/2023;13:27:00;OF-013;Murcia;0;18;0;medio;tarde;0;0;1;3;1
366;25/09/2023;14:15:00;OF-005;Bilbao;0;25;1;alto;manana;1;1;0;3;0
367;25/09/2023;9:01:00;OF-025;Madrid;0;25;1;alto;manana;0;1;0;2;0
368;26/09/2023;13:40:00;OF-020;Valladolid;0;26;1;alto;tarde;0;0;0;3;0
369;27/09/2023;13:59:00;OF-008;Gij?;0;27;1;alto;manana;0;0;0;2;0
370;27/09/2023;9:11:00;OF-019;Valencia;0;27;1;alto;manana;0;0;0;0;0
371;02/10/2023;14:04:00;OF-025;Madrid;0;2;1;alto;manana;0;0;1;2;1
372;04/10/2023;8:52:00;OF-010;Las Palmas;0;4;1;alto;tarde;0;1;1;0;0
373;04/10/2023;13:33:00;OF-021;Vigo;0;4;0;bajo;tarde;0;1;1;1;0
374;06/10/2023;14:01:00;OF-019;Valencia;0;6;0;medio;manana;0;1;0;1;0
375;07/10/2023;9:23:00;OF-018;Tenerife;0;7;1;alto;tarde;0;0;1;0;0
376;08/10/2023;9:26:00;OF-015;Salamanca;1;8;0;medio;tarde;1;1;1;0;0
377;12/10/2023;13:47:00;OF-011;Madrid;0;12;0;medio;manana;0;1;0;1;0
378;12/10/2023;14:01:00;OF-013;Murcia;0;12;0;medio;manana;0;1;1;1;0
379;12/10/2023;9:15:00;OF-028;Valencia;0;12;0;medio;tarde;1;1;0;1;0
380;16/10/2023;16:19:00;OF-011;Madrid;0;16;1;alto;tarde;1;0;0;1;0
381;16/10/2023;14:28:00;OF-014;Oviedo;0;16;1;alto;manana;0;0;1;1;0
382;21/10/2023;17:26:00;OF-016;Santander;0;21;1;alto;tarde;0;0;0;0;0
383;23/10/2023;14:00:00;OF-007;C?doba;0;23;1;bajo;tarde;0;0;1;2;0
384;23/10/2023;9:00:00;OF-023;Madrid;0;23;0;medio;tarde;0;1;1;2;0
385;29/10/2023;13:52:00;OF-001;A Coruna;0;29;0;medio;manana;0;0;1;0;0
386;29/10/2023;14:20:00;OF-002;Alicante;0;29;0;bajo;manana;1;1;0;0;1
387;30/10/2023;9:11:00;OF-004;Barcelona;0;30;1;alto;tarde;1;0;0;0;0
388;01/11/2023;13:24:00;OF-021;Vigo;0;1;1;alto;tarde;0;0;0;2;1
389;09/11/2023;13:52:00;OF-003;Barcelona;0;9;0;bajo;tarde;0;1;1;2;0
390;09/11/2023;13:40:00;OF-012;M?aga;0;9;0;medio;tarde;0;0;1;0;1
391;10/11/2023;14:20:00;OF-018;Tenerife;0;10;1;bajo;manana;1;0;0;0;0
392;11/11/2023;9:15:00;OF-013;Murcia;0;11;0;medio;tarde;1;0;1;0;1
393;12/11/2023;14:09:00;OF-011;Madrid;0;12;0;medio;manana;1;1;1;0;0
394;16/11/2023;8:53:00;OF-021;Vigo;0;16;1;bajo;tarde;0;0;0;1;0
395;17/11/2023;14:16:00;OF-014;Oviedo;0;17;0;medio;tarde;1;0;1;2;1
396;20/11/2023;13:44:00;OF-004;Barcelona;0;20;0;bajo;tarde;0;1;1;1;0
397;22/11/2023;9:01:00;OF-003;Barcelona;0;22;0;bajo;manana;0;1;0;1;0
398;23/11/2023;8:57:00;OF-029;Madrid;0;23;1;alto;tarde;0;1;0;0;0
399;25/11/2023;9:11:00;OF-025;Madrid;0;24;0;alto;tarde;1;1;1;0;1
400;25/11/2023;13:35:00;OF-014;Oviedo;0;25;1;alto;manana;0;0;1;2;0
401;26/11/2023;9:31:00;OF-013;Murcia;0;26;0;medio;tarde;0;0;1;1;0
402;26/11/2023;17:28:00;OF-025;Madrid;0;26;0;medio;manana;1;1;1;0;0
403;30/11/2023;9:12:00;OF-028;Valencia;0;30;1;alto;tarde;0;1;0;1;0
404;03/12/2023;13:26:00;OF-025;Madrid;0;3;0;bajo;tarde;0;1;0;0;0
405;04/12/2023;9:22:00;OF-002;Alicante;0;4;1;alto;tarde;0;1;1;3;0
406;04/12/2023;9:01:00;OF-008;Gij?;0;4;0;bajo;tarde;0;0;0;1;0
407;05/12/2023;14:05:00;OF-009;Granada;0;5;1;bajo;manana;1;0;0;0;1
408;05/12/2023;13:52:00;OF-029;Madrid;0;5;1;alto;tarde;1;0;1;0;0
409;07/12/2023;14:17:00;OF-003;Barcelona;0;7;0;alto;tarde;1;1;1;2;0
410;08/12/2023;9:31:00;OF-011;Madrid;1;8;1;bajo;tarde;1;0;1;2;0
411;08/12/2023;14:13:00;OF-014;Oviedo;0;8;1;alto;tarde;1;0;1;0;0
412;10/12/2023;17:39:00;OF-015;Salamanca;0;10;0;medio;tarde;0;0;0;1;0
413;12/12/2023;13:51:00;OF-008;Gij?;0;12;1;alto;tarde;1;1;1;1;0
414;12/12/2023;9:02:00;OF-010;Las Palmas;0;12;1;alto;manana;1;0;0;2;0
415;16/12/2023;13:38:00;OF-011;Madrid;0;16;1;alto;tarde;0;1;1;1;0
416;22/12/2023;13:49:00;OF-022;Madrid;0;22;0;medio;tarde;0;1;1;1;0
417;23/12/2023;9:27:00;OF-027;Madrid;0;23;0;bajo;tarde;0;0;1;1;0
418;24/12/2023;13:53:00;OF-006;C?iz;0;24;0;medio;manana;1;0;1;2;0
419;26/12/2023;9:23:00;OF-024;Zaragoza;0;26;0;medio;manana;1;0;1;3;0
420;29/12/2023;9:33:00;OF-008;Gij?;0;29;0;medio;tarde;0;0;0;1;0
421;29/12/2023;9:18:00;OF-015;Salamanca;0;29;0;medio;manana;0;1;1;1;0
422;31/12/2023;14:26:00;OF-004;Barcelona;0;16;1;alto;tarde;1;1;1;1;0
423;31/12/2023;14:21:00;OF-004;Barcelona;0;31;0;medio;tarde;0;0;0;1;0
424;31/12/2023;9:11:00;OF-005;Bilbao;0;12;1;alto;manana;0;1;1;1;0
425;31/12/2023;14:02:00;OF-011;Madrid;0;31;0;medio;tarde;1;0;1;0;0
426;05/01/2024;14:08:00;OF-006;C?iz;0;15;0;medio;tarde;0;0;0;0;0
427;05/01/2024;9:06:00;OF-016;Santander;0;5;1;alto;tarde;1;0;1;4;0
428;06/01/2024;13:30:00;OF-005;Bilbao;0;6;0;alto;manana;1;0;1;1;1
429;08/01/2024;9:02:00;OF-015;Salamanca;0;8;0;medio;manana;0;0;1;1;1
430;09/01/2024;9:06:00;OF-011;Madrid;0;9;0;bajo;tarde;0;0;1;1;0
431;11/01/2024;14:12:00;OF-015;Salamanca;0;11;1;bajo;tarde;1;0;1;1;0
432;14/01/2024;13:55:00;OF-023;Madrid;0;14;1;bajo;tarde;1;1;1;1;0
433;20/01/2024;17:11:00;OF-008;Gij?;0;20;0;bajo;tarde;0;1;1;1;0
434;20/01/2024;13:44:00;OF-020;Valladolid;1;20;0;medio;tarde;1;0;0;1;0
435;21/01/2024;8:48:00;OF-003;Barcelona;0;21;0;bajo;tarde;1;0;1;1;0
436;21/01/2024;8:55:00;OF-019;Valencia;0;21;0;medio;tarde;1;1;1;1;0
437;22/01/2024;14:02:00;OF-009;Granada;0;22;0;bajo;tarde;0;1;0;3;0
438;23/01/2024;9:25:00;OF-021;Vigo;0;23;0;bajo;manana;0;0;1;1;0
439;24/01/2024;13:48:00;OF-024;Zaragoza;0;24;1;alto;manana;1;0;1;0;0
440;25/01/2024;14:05:00;OF-002;Alicante;0;25;1;alto;tarde;0;0;0;0;0
441;25/01/2024;15:49:00;OF-013;Murcia;0;15;0;medio;tarde;0;0;1;1;0
442;26/01/2024;14:11:00;OF-011;Madrid;0;26;0;medio;tarde;1;1;1;1;0
443;27/01/2024;14:17:00;OF-023;Madrid;0;27;0;medio;manana;1;1;1;0;0
444;28/01/2024;8:59:00;OF-014;Oviedo;0;28;0;medio;manana;0;1;0;1;0
445;29/01/2024;8:39:00;OF-007;Sevilla;1;9;1;alto;manana;1;0;0;1;0
446;31/01/2024;13:46:00;OF-016;Santander;0;31;1;bajo;manana;1;0;0;2;0
447;31/01/2024;9:20:00;OF-018;Tenerife;0;31;0;medio;manana;0;1;1;1;0
448;31/01/2024;13:37:00;OF-026;Barcelona;0;31;0;bajo;tarde;1;1;0;2;0
449;31/01/2024;13:50:00;OF-029;Madrid;0;31;0;bajo;tarde;1;1;1;2;1
450;01/02/2024;12:54:00;OF-002;Alicante;0;1;0;medio;manana;0;0;0;0;0
451;01/02/2024;15:43:00;OF-019;Valencia;0;1;1;alto;manana;1;1;0;3;0
452;02/02/2024;15:19:00;OF-002;Alicante;0;2;0;medio;manana;0;1;1;2;0
453;02/02/2024;17:45:00;OF-007;C?doba;0;2;0;medio;tarde;0;1;1;2;1
454;02/02/2024;9:51:00;OF-011;Madrid;0;2;1;alto;tarde;0;1;0;0;0
455;04/02/2024;9:10:00;OF-018;Tenerife;0;4;0;medio;manana;1;1;1;0;1
456;05/02/2024;9:54:00;OF-002;Alicante;0;9;1;alto;manana;1;0;0;0;0
457;05/02/2024;17:59:00;OF-007;C?doba;0;5;1;alto;tarde;0;0;1;1;0
458;05/02/2024;12:53:00;OF-020;Valladolid;0;5;1;alto;manana;0;0;1;1;1
459;05/02/2024;15:54:00;OF-020;Valladolid;0;5;1;alto;manana;0;1;0;1;0
460;05/02/2024;8:34:00;OF-023;Madrid;0;5;1;alto;tarde;0;0;0;0;0
461;06/02/2024;13:17:00;OF-005;Bilbao;0;6;1;alto;manana;0;1;0;0;0
462;06/02/2024;13:40:00;OF-011;Madrid;0;6;1;bajo;tarde;1;1;1;1;0
463;07/02/2024;14:29:00;OF-010;Las Palmas;0;7;1;alto;manana;0;1;1;0;0
464;08/02/2024;13:59:00;OF-003;Barcelona;0;8;0;medio;manana;0;1;0;2;0
465;08/02/2024;16:59:00;OF-021;Vigo;0;8;1;alto;tarde;1;0;1;4;0
466;10/02/2024;10:38:00;OF-022;Madrid;0;10;1;alto;tarde;1;1;0;0;0
467;11/02/2024;8:36:00;OF-024;Zaragoza;0;11;0;medio;tarde;1;0;0;2;1
468;17/02/2024;17:42:00;OF-013;Murcia;0;17;0;bajo;tarde;0;0;1;4;0
469;22/02/2024;15:57:00;OF-014;Oviedo;0;22;1;alto;tarde;0;1;1;0;0
470;22/02/2024;16:43:00;OF-017;Sevilla;0;22;0;medio;tarde;0;0;1;1;0
471;23/02/2024;14:34:00;OF-019;Valencia;0;23;0;medio;manana;0;0;1;0;0
472;24/02/2024;9:39:00;OF-016;Santander;0;24;1;alto;tarde;1;0;0;1;0
473;24/02/2024;12:54:00;OF-025;Madrid;0;24;0;medio;manana;0;0;1;0;1
474;25/02/2024;12:48:00;OF-009;Granada;0;12;1;alto;manana;1;0;0;0;0
475;26/02/2024;15:35:00;OF-017;Sevilla;0;26;1;alto;manana;0;0;1;2;0
476;29/02/2024;11:32:00;OF-022;Madrid;0;29;0;medio;tarde;0;1;0;0;0
477;01/03/2024;14:59:00;OF-005;Bilbao;0;13;1;alto;manana;1;0;1;2;0
478;04/03/2024;14:59:00;OF-025;Madrid;0;4;0;medio;tarde;0;1;0;1;1
479;07/03/2024;8:59:00;OF-019;Valencia;0;7;0;bajo;tarde;0;1;0;3;0
480;10/03/2024;11:43:00;OF-014;Oviedo;0;10;1;alto;manana;1;0;1;4;0
481;10/03/2024;8:36:00;OF-017;Sevilla;0;10;1;alto;tarde;0;1;0;0;0
482;13/03/2024;15:45:00;OF-013;Murcia;0;13;1;alto;manana;1;0;1;2;0
483;17/03/2024;17:10:00;OF-017;Sevilla;0;17;1;alto;tarde;0;1;0;0;0
484;17/03/2024;15:32:00;OF-018;Tenerife;0;17;0;bajo;manana;0;0;0;1;0
485;17/03/2024;17:00:00;OF-027;Madrid;0;17;1;alto;manana;0;1;0;1;0
486;18/03/2024;17:40:00;OF-029;Madrid;0;18;0;medio;tarde;0;1;0;1;0
487;19/03/2024;9:40:00;OF-027;Madrid;0;19;1;alto;manana;0;0;1;1;0
488;20/03/2024;9:51:00;OF-007;C?doba;0;20;0;medio;manana;1;1;0;0;1
489;20/03/2024;12:24:00;OF-018;Tenerife;0;20;0;alto;tarde;1;0;1;2;1
490;23/03/2024;10:37:00;OF-004;Barcelona;0;10;0;medio;tarde;0;1;1;3;0
491;24/03/2024;9:55:00;OF-009;Granada;0;24;1;alto;tarde;0;0;1;2;0
492;25/03/2024;16:22:00;OF-020;Valladolid;0;25;1;alto;manana;0;0;1;0;0
493;27/03/2024;9:32:00;OF-011;Madrid;0;27;0;bajo;manana;0;0;1;1;0
494;28/03/2024;16:17:00;OF-007;C?doba;0;28;1;alto;tarde;0;0;1;0;0
495;28/03/2024;17:22:00;OF-009;Granada;0;28;0;medio;manana;1;1;0;1;0
496;10/03/2024;10:28:00;OF-019;Valencia;0;28;1;alto;tarde;1;1;0;1;1
497;30/03/2024;15:30:00;OF-015;Salamanca;0;30;1;alto;tarde;0;1;1;3;1
498;31/03/2024;8:40:00;OF-010;Las Palmas;0;31;1;alto;tarde;1;0;1;3;0
499;05/03/2024;12:13:00;OF-019;Valencia;1;31;0;medio;tarde;1;1;1;2;0
500;01/04/2024;8:32:00;OF-006;C?iz;0;1;0;medio;manana;0;1;1;0;0
501;01/04/2024;8:47:00;OF-020;Valladolid;0;1;1;alto;manana;0;0;1;1;0
502;04/04/2024;13:51:00;OF-013;Murcia;0;4;0;medio;tarde;0;0;1;1;0
503;04/04/2024;15:17:00;OF-014;Oviedo;0;4;1;alto;tarde;1;1;1;2;0
504;05/04/2024;12:39:00;OF-001;A Coruna;0;15;1;alto;tarde;0;0;0;3;1
505;05/04/2024;14:45:00;OF-006;C?iz;0;5;0;medio;manana;1;0;1;1;0
506;08/04/2024;11:48:00;OF-001;A Coruna;0;8;0;medio;manana;0;0;0;3;0
507;08/04/2024;16:10:00;OF-028;Valencia;0;8;1;alto;tarde;0;1;0;1;0
508;10/04/2024;8:49:00;OF-005;Bilbao;1;10;0;medio;manana;1;0;1;0;0
509;11/04/2024;11:20:00;OF-002;Alicante;0;11;0;bajo;manana;1;0;0;2;0
510;12/04/2024;13:28:00;OF-015;Salamanca;0;12;0;medio;manana;0;0;0;1;1
511;15/04/2024;11:43:00;OF-001;A Coruna;0;15;1;alto;manana;1;0;0;2;0
512;15/04/2024;12:42:00;OF-015;Salamanca;0;15;1;alto;tarde;0;1;1;2;0
513;15/04/2024;13:41:00;OF-023;Madrid;0;15;0;medio;manana;1;1;1;3;0
514;17/04/2024;13:36:00;OF-016;Santander;0;17;1;bajo;manana;0;1;1;0;0
515;18/04/2024;11:24:00;OF-008;Gij?;0;18;1;alto;manana;0;0;1;3;0
516;18/04/2024;14:37:00;OF-010;Las Palmas;0;18;0;medio;tarde;0;0;1;2;0
517;19/04/2024;13:10:00;OF-002;Alicante;0;19;0;bajo;manana;0;0;0;2;0
518;20/04/2024;11:37:00;OF-008;Gij?;0;20;1;alto;tarde;1;0;1;3;0
519;20/04/2024;8:26:00;OF-009;Granada;0;20;1;alto;tarde;1;0;1;0;0
520;20/04/2024;14:26:00;OF-026;Barcelona;0;20;0;bajo;manana;0;0;1;1;0
521;21/04/2024;12:55:00;OF-011;Madrid;0;21;1;alto;tarde;1;1;0;2;0
522;22/04/2024;17:35:00;OF-020;Valladolid;0;22;1;alto;manana;0;0;1;0;0
523;24/04/2024;13:57:00;OF-004;Barcelona;0;13;1;alto;tarde;1;1;1;2;0
524;25/04/2024;15:22:00;OF-004;Barcelona;0;19;1;alto;manana;1;1;0;1;0
525;26/04/2024;9:29:00;OF-017;Sevilla;0;26;0;medio;manana;1;0;1;1;0
526;29/04/2024;9:36:00;OF-001;A Coruna;0;29;0;bajo;tarde;0;1;0;2;0
527;29/04/2024;15:24:00;OF-021;Vigo;0;29;0;bajo;tarde;0;0;0;0;0
528;02/05/2024;8:41:00;OF-007;C?doba;0;2;1;alto;tarde;1;0;1;1;0
529;02/05/2024;15:40:00;OF-008;Gij?;0;2;1;bajo;manana;1;1;0;0;0
530;03/05/2024;15:50:00;OF-005;Bilbao;0;3;1;alto;tarde;0;0;1;2;0
531;03/05/2024;16:20:00;OF-020;Valladolid;0;3;1;alto;manana;0;0;1;2;0
532;04/05/2024;11:22:00;OF-005;Bilbao;0;4;1;alto;tarde;0;1;0;2;0
533;05/05/2024;17:38:00;OF-020;Valladolid;0;5;0;medio;tarde;0;0;1;1;0
534;06/05/2024;8:48:00;OF-009;Granada;0;6;1;alto;tarde;0;0;0;2;0
535;07/05/2024;17:42:00;OF-006;C?iz;0;7;0;bajo;manana;0;0;0;2;0
536;08/05/2024;12:54:00;OF-014;Oviedo;0;8;1;alto;manana;1;0;0;2;1
537;11/05/2024;17:34:00;OF-008;Gij?;0;11;0;bajo;tarde;0;0;0;0;0
538;11/05/2024;17:56:00;OF-016;Santander;0;11;0;medio;tarde;0;0;0;1;0
539;13/05/2024;17:31:00;OF-024;Zaragoza;0;13;0;medio;manana;0;0;1;0;0
540;14/05/2024;11:34:00;OF-013;Murcia;0;14;1;bajo;manana;1;0;1;3;0
541;16/05/2024;15:35:00;OF-026;Barcelona;0;16;0;bajo;tarde;0;1;0;0;0
542;17/05/2024;11:32:00;OF-012;M?aga;0;17;1;bajo;tarde;0;1;1;0;0
543;30/05/2024;14:35:00;OF-019;Valencia;0;17;0;medio;manana;1;0;1;2;1
544;17/05/2024;14:15:00;OF-019;Valencia;0;17;0;medio;tarde;0;1;1;0;1
545;18/05/2024;10:42:00;OF-008;Gij?;0;18;0;medio;manana;1;0;1;1;0
546;19/05/2024;11:52:00;OF-019;Valencia;0;19;0;medio;tarde;0;1;0;1;0
547;23/05/2024;17:30:00;OF-003;Barcelona;0;23;0;medio;tarde;1;0;0;1;0
548;24/05/2022;11:10:00;OF-024;Zaragoza;0;24;0;medio;tarde;0;0;1;0;0
549;25/05/2022;11:33:00;OF-001;A Coruna;0;25;0;medio;tarde;1;1;1;1;0
550;25/05/2022;11:57:00;OF-004;Barcelona;0;25;1;alto;manana;0;1;0;0;0
551;25/05/2022;12:40:00;OF-004;Barcelona;0;25;1;alto;tarde;0;1;0;0;0
552;26/05/2022;17:46:00;OF-020;Valladolid;0;26;1;alto;tarde;1;0;1;0;0
553;27/05/2024;8:35:00;OF-003;Barcelona;0;27;0;alto;manana;1;1;1;2;0
554;27/05/2024;17:20:00;OF-011;Madrid;0;27;1;alto;tarde;0;1;1;1;1
555;28/05/2024;10:28:00;OF-012;M?aga;0;28;1;alto;tarde;1;1;1;3;0
556;30/05/2022;8:42:00;OF-001;A Coruna;0;30;0;bajo;manana;1;1;0;3;0
557;30/05/2024;11:22:00;OF-022;Madrid;0;30;0;bajo;tarde;1;0;1;2;0
558;31/05/2024;13:55:00;OF-004;Barcelona;0;31;0;bajo;manana;0;0;1;3;0
559;01/06/2022;9:48:00;OF-012;M?aga;0;1;0;medio;tarde;1;0;0;1;0
560;01/06/2022;8:41:00;OF-021;Vigo;0;1;1;alto;manana;1;0;1;0;0
561;04/06/2024;16:51:00;OF-004;Barcelona;0;4;0;medio;tarde;0;1;1;1;0
562;04/06/2024;16:34:00;OF-023;Madrid;0;4;0;medio;tarde;0;0;0;1;0
563;05/06/2024;15:59:00;OF-001;A Coruna;1;5;1;medio;manana;1;0;1;1;0
564;05/06/2024;16:38:00;OF-001;A Coruna;0;5;1;bajo;manana;0;0;1;1;0
565;05/06/2024;12:43:00;OF-010;Las Palmas;0;5;1;alto;tarde;0;0;1;0;0
566;07/06/2024;17:31:00;OF-008;Gij?;0;7;0;medio;tarde;1;0;0;0;0
567;07/06/2024;12:51:00;OF-015;Salamanca;0;7;1;alto;manana;1;0;0;0;0
568;08/06/2024;13:13:00;OF-002;Alicante;0;8;1;alto;tarde;0;1;1;1;0
569;08/06/2024;11:40:00;OF-008;Gij?;0;8;0;bajo;manana;1;1;0;1;0
570;09/06/2024;15:52:00;OF-010;Las Palmas;0;9;0;bajo;manana;0;1;1;3;1
571;09/06/2024;9:41:00;OF-029;Madrid;0;9;0;bajo;tarde;1;1;1;0;0
572;10/06/2022;10:42:00;OF-001;A Coruna;0;3;1;alto;tarde;0;0;0;1;0
573;10/06/2024;17:46:00;OF-001;A Coruna;0;9;1;alto;tarde;0;0;1;0;0
574;15/06/2024;17:38:00;OF-021;Vigo;0;15;0;medio;manana;0;0;1;0;0
575;16/06/2024;10:42:00;OF-017;Sevilla;0;16;1;alto;tarde;0;1;0;1;0
576;17/06/2024;16:53:00;OF-012;M?aga;0;17;1;alto;tarde;0;0;1;1;1
577;20/06/2022;11:50:00;OF-021;Vigo;0;20;1;alto;tarde;0;0;1;1;0
578;20/06/2022;15:49:00;OF-023;Madrid;0;20;0;medio;manana;1;1;1;0;0
579;23/06/2022;17:54:00;OF-028;Valencia;0;23;1;bajo;tarde;1;1;1;1;0
580;24/06/2024;8:38:00;OF-024;Zaragoza;0;24;1;alto;tarde;1;1;1;2;0
581;25/06/2022;8:43:00;OF-001;A Coruna;0;25;0;medio;manana;1;0;1;1;1
582;25/06/2024;17:10:00;OF-004;Barcelona;0;25;1;alto;manana;0;1;1;1;0
583;25/06/2024;17:48:00;OF-007;C?doba;0;21;1;alto;tarde;0;0;1;1;0
584;26/06/2024;17:00:00;OF-014;Oviedo;0;26;0;medio;tarde;1;0;1;4;0
585;29/06/2024;10:48:00;OF-004;Barcelona;0;29;0;medio;manana;1;1;0;1;0
586;29/06/2024;17:15:00;OF-005;Bilbao;0;29;0;medio;manana;1;1;1;0;0
587;30/06/2024;14:32:00;OF-003;Barcelona;0;30;1;alto;manana;1;0;0;0;0
588;01/07/2024;14:34:00;OF-014;Oviedo;0;1;0;medio;manana;1;1;0;1;0
589;03/07/2024;16:27:00;OF-001;A Coruna;0;4;0;medio;manana;0;0;0;1;0
590;03/07/2024;9:48:00;OF-004;Barcelona;0;3;1;alto;manana;1;0;1;1;0
591;03/07/2024;15:33:00;OF-017;Sevilla;0;3;1;alto;manana;1;0;1;1;0
592;04/07/2024;15:55:00;OF-009;Granada;0;4;0;bajo;tarde;0;0;1;3;0
593;05/07/2024;10:52:00;OF-001;A Coruna;0;17;0;medio;manana;1;1;1;1;0
594;05/07/2024;9:30:00;OF-004;Barcelona;0;5;0;medio;manana;0;1;1;1;0
595;05/07/2024;16:36:00;OF-008;Gij?;0;16;1;alto;tarde;0;1;1;0;1
596;07/07/2024;14:17:00;OF-008;Gij?;0;7;1;bajo;manana;0;0;1;0;0
597;09/07/2024;17:59:00;OF-001;A Coruna;0;9;1;alto;manana;1;0;0;3;1
598;10/07/2024;10:41:00;OF-001;A Coruna;0;6;0;medio;manana;1;0;0;0;1
599;10/07/2024;11:55:00;OF-018;Tenerife;0;10;1;bajo;tarde;0;1;1;2;0
600;12/07/2024;10:59:00;OF-008;Gij?;0;12;0;medio;tarde;0;0;1;1;0
601;13/07/2024;9:54:00;OF-014;Oviedo;0;13;0;medio;tarde;0;0;0;2;0
602;14/07/2024;16:40:00;OF-017;Sevilla;0;14;0;medio;manana;0;0;0;1;0
603;14/07/2024;9:33:00;OF-025;Madrid;0;14;1;alto;tarde;0;0;1;0;0
604;16/07/2024;9:37:00;OF-019;Valencia;0;16;1;alto;tarde;0;0;0;0;0
605;18/07/2024;17:52:00;OF-017;Sevilla;0;18;1;alto;manana;0;1;1;5;0
606;19/07/2024;16:05:00;OF-016;Santander;0;19;0;medio;manana;0;0;1;1;0
607;19/07/2024;15:40:00;OF-020;Valladolid;0;19;0;medio;tarde;1;0;1;1;0
608;20/07/2024;11:31:00;OF-001;A Coruna;0;20;1;alto;manana;1;0;0;0;0
609;22/07/2024;8:34:00;OF-007;C?doba;0;22;0;alto;manana;1;0;1;2;0
610;22/07/2024;14:43:00;OF-017;Sevilla;0;22;0;medio;tarde;0;1;1;0;0
611;22/07/2024;17:19:00;OF-021;Vigo;0;22;0;medio;manana;0;0;1;0;0
612;10/07/2024;9:32:00;OF-012;M?aga;0;23;1;alto;tarde;1;0;1;0;0
613;23/07/2024;8:56:00;OF-015;Salamanca;0;23;1;bajo;tarde;0;0;0;0;1
614;25/07/2024;16:35:00;OF-006;C?iz;0;17;0;medio;tarde;1;1;1;2;0
615;25/07/2024;8:50:00;OF-012;M?aga;0;15;0;bajo;manana;0;1;1;1;0
616;27/07/2024;12:50:00;OF-003;Barcelona;0;27;1;alto;manana;0;1;1;0;0
617;27/07/2024;15:39:00;OF-025;Madrid;0;27;0;medio;manana;0;0;0;2;0
618;28/07/2024;15:34:00;OF-008;Gij?;0;28;1;alto;tarde;1;0;1;0;0
619;28/07/2024;8:33:00;OF-015;Salamanca;0;28;1;alto;manana;0;1;1;2;1
620;28/07/2024;8:51:00;OF-019;Valencia;0;28;1;alto;tarde;1;1;0;0;0
621;30/07/2024;9:46:00;OF-001;A Coruna;0;30;0;medio;manana;0;0;0;1;1
622;31/07/2024;8:17:00;OF-008;Gij?;1;31;1;alto;manana;1;0;1;0;0
623;31/07/2024;11:19:00;OF-018;Tenerife;0;31;0;medio;tarde;0;0;0;1;0
624;01/08/2024;12:32:00;OF-014;Oviedo;0;1;0;medio;tarde;0;0;0;1;0
625;01/08/2024;9:22:00;OF-022;Madrid;0;1;0;medio;manana;1;1;0;0;1
626;03/08/2024;16:51:00;OF-021;Vigo;0;3;1;alto;tarde;0;0;1;0;0
627;05/08/2024;13:36:00;OF-012;M?aga;0;14;1;bajo;manana;0;0;1;0;0
628;05/08/2024;15:54:00;OF-022;Madrid;0;17;0;medio;manana;0;1;1;1;0
629;07/08/2024;8:36:00;OF-012;M?aga;0;7;0;medio;tarde;1;1;0;1;0
630;09/08/2024;14:30:00;OF-025;Madrid;0;9;1;alto;tarde;0;0;1;1;0
631;10/08/2024;12:42:00;OF-017;Sevilla;0;10;0;medio;manana;1;1;1;0;1
632;10/08/2024;12:10:00;OF-027;Madrid;0;10;1;alto;manana;0;1;1;1;0
633;10/08/2024;11:26:00;OF-028;Valencia;0;10;0;medio;manana;0;1;1;3;0
634;14/08/2024;10:56:00;OF-012;M?aga;0;14;0;bajo;manana;0;0;0;1;0
635;14/08/2024;9:47:00;OF-013;Murcia;0;14;1;alto;tarde;1;0;1;0;0
636;15/08/2024;11:36:00;OF-014;Oviedo;0;15;0;medio;manana;0;0;0;1;0
637;18/08/2024;14:31:00;OF-001;A Coruna;0;18;0;bajo;manana;0;1;1;1;0
638;20/08/2024;9:24:00;OF-013;Murcia;0;20;1;bajo;manana;0;0;0;2;0
639;23/08/2024;12:32:00;OF-002;Alicante;0;23;1;alto;tarde;1;0;0;2;0
640;23/08/2024;14:41:00;OF-017;Sevilla;1;23;1;medio;tarde;1;0;0;0;1
641;26/08/2024;10:47:00;OF-011;Madrid;0;26;1;alto;manana;0;0;1;1;1
642;26/08/2024;11:17:00;OF-020;Valladolid;0;26;0;medio;tarde;0;1;0;2;0
643;27/08/2024;13:34:00;OF-019;Valencia;0;27;1;bajo;manana;0;0;1;2;0
644;29/08/2024;8:34:00;OF-001;A Coruna;0;12;0;medio;manana;0;1;1;1;1
645;29/08/2024;15:56:00;OF-016;Santander;0;29;0;medio;tarde;1;0;0;4;0
646;30/08/2024;12:42:00;OF-011;Madrid;0;15;1;alto;manana;0;1;1;2;0
647;31/08/2024;14:15:00;OF-019;Valencia;0;31;0;medio;tarde;0;1;0;4;1
648;01/09/2024;14:05:00;OF-004;Barcelona;0;1;1;alto;manana;0;1;1;2;0
649;04/09/2024;14:13:00;OF-009;Granada;1;4;0;bajo;manana;1;0;1;1;0
650;04/09/2024;17:39:00;OF-019;Valencia;0;4;1;alto;manana;1;1;0;2;0
651;04/09/2024;12:32:00;OF-021;Vigo;0;4;1;bajo;tarde;0;0;0;1;0
652;05/09/2024;16:22:00;OF-013;Murcia;0;7;1;alto;tarde;1;1;0;2;0
653;08/09/2024;17:46:00;OF-008;Gij?;0;8;1;alto;tarde;0;0;1;0;0
654;14/09/2024;16:37:00;OF-028;Valencia;0;14;1;alto;manana;0;1;1;2;0
655;15/09/2024;10:50:00;OF-017;Sevilla;0;15;0;bajo;tarde;0;0;1;3;0
656;15/09/2024;13:57:00;OF-018;Tenerife;0;15;0;bajo;manana;1;0;1;2;0
657;15/09/2024;8:58:00;OF-023;Madrid;0;15;0;alto;tarde;1;0;0;1;0
658;16/09/2024;12:27:00;OF-020;Valladolid;1;16;0;medio;tarde;1;1;1;1;0
659;17/09/2024;8:38:00;OF-028;Valencia;0;17;0;medio;tarde;1;1;1;0;0
660;19/09/2024;8:31:00;OF-009;Granada;0;19;1;alto;manana;1;0;0;0;0
661;19/09/2024;15:30:00;OF-010;Las Palmas;0;19;1;alto;tarde;1;0;0;0;0
662;22/09/2024;14:20:00;OF-007;C?doba;0;22;1;alto;manana;1;1;0;1;0
663;23/09/2024;8:45:00;OF-014;Oviedo;0;23;0;bajo;manana;0;0;1;3;0
664;24/09/2024;11:43:00;OF-006;C?iz;0;24;0;medio;manana;0;0;1;3;0
665;25/09/2024;12:57:00;OF-001;A Coruna;0;1;0;medio;tarde;0;1;0;2;0
666;25/09/2024;11:58:00;OF-018;Tenerife;0;25;1;alto;tarde;0;1;1;1;0
667;25/09/2024;9:53:00;OF-018;Tenerife;0;25;0;medio;manana;0;1;0;1;0
668;25/09/2024;11:29:00;OF-019;Valencia;0;25;1;alto;manana;1;0;1;1;0
669;25/09/2024;11:33:00;OF-022;Madrid;0;25;1;alto;tarde;0;0;0;1;1
670;25/09/2024;12:05:00;OF-028;Valencia;0;25;1;alto;manana;1;0;1;2;0
671;27/09/2024;15:05:00;OF-021;Vigo;1;27;1;alto;tarde;1;0;1;1;0
672;28/09/2024;13:33:00;OF-004;Barcelona;0;18;0;medio;manana;0;1;1;2;0
673;29/09/2024;17:05:00;OF-001;A Coruna;0;14;1;alto;manana;1;1;1;1;0
674;30/09/2024;8:19:00;OF-013;Murcia;0;30;1;alto;tarde;0;1;0;2;1
675;01/10/2024;16:36:00;OF-019;Valencia;1;1;1;medio;manana;1;1;0;0;0
676;01/10/2024;14:35:00;OF-023;Madrid;0;1;1;alto;manana;1;1;0;0;0
677;02/10/2024;11:26:00;OF-024;Zaragoza;0;2;1;alto;manana;0;0;0;0;0
678;03/10/2024;15:50:00;OF-020;Valladolid;0;3;0;medio;manana;0;1;1;1;0
679;04/10/2024;13:36:00;OF-003;Barcelona;0;4;1;alto;tarde;1;1;0;2;0
680;05/10/2024;14:34:00;OF-008;Gij?;0;15;1;alto;manana;0;0;0;4;0
681;07/10/2024;9:27:00;OF-008;Gij?;0;7;1;alto;tarde;0;0;1;0;0
682;07/10/2024;9:44:00;OF-021;Vigo;0;7;1;alto;tarde;0;0;1;1;0
683;08/10/2024;16:40:00;OF-002;Alicante;0;8;0;medio;tarde;0;1;1;1;0
684;09/10/2024;17:48:00;OF-008;Gij?;0;9;0;medio;tarde;0;1;0;2;0
685;10/10/2024;14:27:00;OF-004;Barcelona;0;6;0;bajo;manana;0;1;0;1;0
686;10/10/2024;13:50:00;OF-012;M?aga;0;10;0;medio;manana;0;0;1;4;0
687;14/10/2024;9:46:00;OF-012;M?aga;0;14;1;alto;tarde;1;1;0;0;0
688;15/10/2024;12:47:00;OF-015;Salamanca;0;15;1;alto;manana;1;1;0;2;0
689;17/10/2024;11:50:00;OF-027;Madrid;0;17;0;medio;manana;1;1;1;1;0
690;18/10/2024;13:49:00;OF-007;C?doba;0;18;1;bajo;tarde;0;0;1;1;1
691;19/10/2024;16:47:00;OF-024;Zaragoza;0;19;0;medio;tarde;0;0;1;0;0
692;20/10/2024;11:43:00;OF-006;C?iz;0;20;1;alto;tarde;1;0;0;1;0
693;21/10/2024;16:20:00;OF-028;Valencia;0;21;0;medio;manana;0;1;0;0;0
694;22/10/2024;11:10:00;OF-025;Madrid;0;22;0;bajo;manana;1;0;1;1;0
695;23/10/2024;12:52:00;OF-009;Granada;0;23;1;alto;tarde;1;1;0;1;0
696;23/10/2024;8:53:00;OF-020;Valladolid;0;23;0;bajo;manana;0;0;1;1;0
697;24/10/2024;8:56:00;OF-010;Las Palmas;0;24;0;medio;manana;0;1;1;3;0
698;25/10/2024;14:38:00;OF-004;Barcelona;0;25;1;alto;tarde;0;1;1;1;0
699;25/10/2024;10:53:00;OF-004;Barcelona;0;25;1;alto;manana;1;0;0;1;0
700;25/10/2024;17:52:00;OF-021;Vigo;0;25;1;alto;tarde;0;0;0;1;0
701;26/10/2024;9:33:00;OF-023;Madrid;0;26;1;alto;tarde;0;1;1;2;0
702;27/10/2024;8:41:00;OF-002;Alicante;0;27;1;bajo;tarde;1;1;1;0;0
703;27/10/2024;14:00:00;OF-011;Madrid;0;27;1;alto;manana;0;1;1;3;0
704;27/10/2024;17:53:00;OF-023;Madrid;0;27;0;medio;tarde;0;0;0;1;0
705;28/10/2024;8:29:00;OF-022;Madrid;0;28;1;alto;tarde;0;0;0;0;0
706;29/10/2024;13:36:00;OF-007;C?doba;0;17;1;alto;manana;1;1;1;0;0
707;29/10/2024;9:38:00;OF-007;C?doba;0;29;1;bajo;tarde;0;0;1;1;0
708;31/10/2024;14:38:00;OF-023;Madrid;0;31;0;medio;manana;0;1;1;0;1
709;02/11/2024;9:10:00;OF-005;Bilbao;0;2;0;bajo;manana;0;1;0;2;0
710;02/11/2024;17:57:00;OF-013;Murcia;0;2;1;alto;tarde;0;0;1;1;1
711;05/11/2024;8:56:00;OF-001;A Coruna;0;14;1;alto;tarde;1;0;1;0;1
712;06/11/2024;9:58:00;OF-013;Murcia;0;6;1;alto;tarde;0;0;1;0;0
713;06/11/2024;17:43:00;OF-019;Valencia;0;6;1;alto;manana;1;1;1;1;0
714;06/11/2024;16:13:00;OF-026;Barcelona;0;6;0;medio;manana;1;1;0;0;0
715;07/11/2024;15:42:00;OF-003;Barcelona;0;7;0;medio;tarde;0;1;1;2;0
716;12/11/2024;10:59:00;OF-014;Oviedo;1;12;0;bajo;tarde;1;1;0;1;0
717;12/11/2024;17:56:00;OF-015;Salamanca;0;12;1;bajo;tarde;1;0;1;1;0
718;12/11/2024;11:36:00;OF-019;Valencia;0;12;0;bajo;tarde;0;1;1;1;0
719;13/11/2024;17:31:00;OF-017;Sevilla;0;13;1;alto;tarde;0;0;0;1;1
720;14/11/2024;13:38:00;OF-019;Valencia;0;14;1;alto;manana;0;1;1;1;0
721;15/11/2024;16:57:00;OF-002;Alicante;0;15;1;alto;manana;1;0;0;5;0
722;15/11/2024;9:39:00;OF-007;C?doba;0;15;1;bajo;manana;0;0;1;0;0
723;15/11/2024;9:46:00;OF-015;Salamanca;0;15;0;bajo;manana;0;0;1;1;1
724;16/11/2024;11:33:00;OF-016;Santander;0;16;1;alto;tarde;0;0;0;2;0
725;17/11/2024;12:15:00;OF-015;Salamanca;0;17;0;medio;manana;1;1;0;1;0
726;18/11/2024;16:10:00;OF-028;Valencia;0;18;0;medio;tarde;0;1;1;0;0
727;19/11/2024;15:59:00;OF-011;Madrid;0;19;0;medio;manana;0;0;0;2;0
728;19/11/2024;13:19:00;OF-024;Zaragoza;0;19;0;medio;manana;1;0;1;1;0
729;20/11/2024;13:42:00;OF-001;A Coruna;0;20;0;medio;tarde;1;1;1;1;0
730;20/11/2024;17:50:00;OF-007;C?doba;0;20;1;alto;manana;0;1;1;1;0
731;21/11/2024;11:17:00;OF-014;Oviedo;0;21;0;medio;tarde;1;0;0;0;0
732;22/11/2024;16:49:00;OF-011;Madrid;0;22;0;medio;manana;0;1;1;0;0
733;23/11/2024;15:39:00;OF-005;Bilbao;0;23;1;alto;tarde;0;0;1;2;1
734;27/11/2024;9:31:00;OF-006;C?iz;0;27;0;medio;manana;0;0;0;0;0
735;28/11/2024;8:45:00;OF-015;Salamanca;0;28;1;alto;manana;1;0;1;3;1
736;29/11/2024;8:49:00;OF-009;Granada;0;29;1;alto;tarde;0;0;1;2;0
737;29/11/2024;8:22:00;OF-012;M?aga;0;29;1;alto;manana;0;0;1;4;0
738;29/11/2024;13:53:00;OF-015;Salamanca;0;29;1;alto;manana;1;1;0;1;0
739;30/11/2024;16:40:00;OF-001;A Coruna;0;30;0;medio;manana;0;0;1;3;0
740;30/11/2024;14:38:00;OF-004;Barcelona;0;4;1;alto;manana;0;1;0;0;0
741;30/11/2024;11:13:00;OF-005;Bilbao;0;30;1;alto;tarde;0;0;0;2;0
742;30/11/2024;17:45:00;OF-010;Las Palmas;0;30;0;medio;manana;0;0;1;1;0
743;01/12/2024;15:46:00;OF-009;Granada;0;14;1;alto;manana;0;0;1;1;0
744;02/12/2024;10:38:00;OF-028;Valencia;0;2;0;alto;tarde;1;1;0;0;0
745;03/12/2024;16:19:00;OF-005;Bilbao;0;3;0;medio;manana;0;0;0;1;0
746;04/12/2024;8:30:00;OF-014;Oviedo;0;4;1;alto;manana;0;0;0;0;0
747;04/12/2024;8:30:00;OF-019;Valencia;0;4;0;medio;tarde;0;1;0;0;0
748;07/12/2024;17:34:00;OF-025;Madrid;0;7;0;medio;tarde;0;1;0;2;0
749;09/12/2024;9:45:00;OF-010;Las Palmas;0;9;1;alto;manana;1;1;0;0;0
750;09/12/2024;9:18:00;OF-019;Valencia;0;9;0;medio;manana;0;1;1;0;0
751;09/12/2024;14:05:00;OF-019;Valencia;0;9;1;alto;manana;0;0;1;3;0
752;10/12/2024;14:11:00;OF-009;Granada;0;10;1;alto;tarde;0;0;1;2;0
753;10/12/2024;13:17:00;OF-023;Madrid;0;10;0;alto;tarde;1;1;1;1;0
754;11/12/2024;9:25:00;OF-019;Valencia;0;11;1;alto;manana;0;1;0;4;0
755;12/12/2024;13:45:00;OF-028;Valencia;0;12;1;alto;tarde;0;0;1;1;0
756;13/12/2024;13:34:00;OF-026;Barcelona;0;13;1;alto;tarde;0;1;1;1;0
757;14/12/2024;13:54:00;OF-028;Valencia;0;14;1;alto;manana;0;1;1;2;1
758;15/12/2024;9:34:00;OF-004;Barcelona;0;17;0;medio;manana;1;1;1;2;0
759;18/12/2024;9:32:00;OF-007;C?doba;0;18;1;alto;tarde;1;0;1;1;0
760;19/12/2024;15:40:00;OF-003;Barcelona;0;19;1;alto;manana;1;1;1;1;1
761;20/12/2024;17:31:00;OF-008;Gij?;1;20;1;alto;manana;1;0;0;3;1
762;21/12/2024;8:43:00;OF-001;A Coruna;0;21;1;alto;manana;0;0;1;3;0
763;23/12/2024;13:52:00;OF-011;Madrid;0;23;0;medio;manana;0;0;1;1;0
764;24/12/2024;9:13:00;OF-011;Madrid;0;24;0;bajo;tarde;1;1;1;1;1
765;25/12/2024;14:16:00;OF-026;Barcelona;0;25;1;alto;manana;0;0;1;1;0
766;26/12/2024;9:11:00;OF-016;Santander;1;26;1;medio;manana;1;0;0;2;1
767;26/12/2024;9:33:00;OF-025;Madrid;0;26;1;alto;manana;1;1;0;0;0
768;27/12/2024;13:56:00;OF-001;A Coruna;0;27;0;medio;tarde;0;1;1;0;0
769;25/05/2024;15:46:00;OF-020;Valladolid;0;27;1;bajo;manana;1;1;1;1;0
770;29/12/2024;14:32:00;OF-015;Salamanca;0;29;0;medio;tarde;0;0;1;1;0
771;29/12/2024;17:21:00;OF-018;Tenerife;0;29;1;alto;manana;0;0;0;0;0
772;29/12/2024;14:08:00;OF-028;Valencia;0;10;0;medio;manana;1;1;0;2;1
773;30/12/2024;9:11:00;OF-008;Gij?;0;30;0;medio;manana;1;1;1;2;0
774;30/12/2024;13:52:00;OF-012;M?aga;0;30;0;medio;tarde;0;0;1;1;0
775;31/12/2024;13:22:00;OF-008;Gij?;0;31;1;alto;manana;0;0;1;1;0
776;01/01/2025;14:12:00;OF-004;Barcelona;0;1;1;alto;tarde;0;0;1;2;0
777;02/01/2025;9:32:00;OF-018;Tenerife;0;2;1;alto;manana;0;0;1;2;0
778;04/01/2025;9:23:00;OF-029;Madrid;0;4;1;alto;manana;0;1;0;3;0
779;05/01/2025;13:41:00;OF-006;C?iz;0;5;1;alto;manana;0;0;1;3;0
780;05/01/2025;14:01:00;OF-009;Granada;0;5;0;medio;manana;0;0;1;2;0
781;05/01/2025;17:45:00;OF-009;Granada;0;5;1;alto;tarde;0;0;1;0;0
782;05/01/2025;13:48:00;OF-011;Madrid;0;5;1;alto;tarde;1;1;1;2;0
783;07/01/2025;8:40:00;OF-019;Valencia;0;7;0;medio;manana;0;0;1;1;1
784;08/01/2025;13:37:00;OF-017;Sevilla;0;8;0;medio;manana;0;0;0;1;0
785;08/01/2025;13:16:00;OF-018;Tenerife;0;8;0;medio;tarde;0;1;1;2;0
786;09/01/2025;9:18:00;OF-024;Zaragoza;0;9;1;alto;tarde;1;0;0;2;0
787;10/01/2025;14:02:00;OF-008;Gij?;0;10;1;alto;manana;0;0;1;2;0
788;13/01/2025;13:35:00;OF-004;Barcelona;0;13;0;bajo;manana;0;1;0;0;0
789;15/01/2025;9:11:00;OF-011;Madrid;0;15;1;alto;manana;0;1;0;0;0
790;15/01/2025;14:22:00;OF-025;Madrid;0;15;1;alto;tarde;0;1;1;0;0
791;18/01/2025;17:16:00;OF-019;Valencia;0;18;0;medio;tarde;0;0;0;2;0
792;20/01/2025;13:55:00;OF-026;Barcelona;0;20;0;medio;tarde;0;1;1;0;0
793;20/01/2025;9:04:00;OF-028;Valencia;0;20;0;medio;tarde;1;1;1;2;0
794;21/01/2025;8:57:00;OF-002;Alicante;0;21;0;bajo;tarde;0;0;0;2;0
795;23/01/2025;14:03:00;OF-013;Murcia;0;23;1;alto;manana;0;1;1;2;0
796;23/01/2025;9:01:00;OF-027;Madrid;0;23;0;medio;tarde;0;1;1;1;0
797;24/01/2025;9:11:00;OF-013;Murcia;0;24;0;medio;tarde;0;0;1;0;0
798;27/01/2025;13:59:00;OF-023;Madrid;0;27;1;alto;manana;1;1;0;1;1
799;28/01/2025;9:30:00;OF-005;Bilbao;0;28;0;alto;tarde;1;0;0;0;1
800;28/01/2025;13:56:00;OF-006;C?iz;0;28;0;medio;tarde;0;1;0;0;0
801;28/01/2025;17:38:00;OF-015;Salamanca;0;28;0;medio;manana;0;0;0;0;0
802;28/01/2025;13:48:00;OF-021;Vigo;0;28;0;medio;manana;0;0;0;1;0
803;30/01/2025;8:47:00;OF-002;Alicante;0;4;0;medio;tarde;0;1;1;1;1
804;30/01/2025;13:40:00;OF-008;Gij?;0;30;0;bajo;tarde;0;1;1;1;0
805;30/01/2025;14:18:00;OF-024;Zaragoza;0;30;1;alto;manana;0;0;1;1;0
806;31/01/2025;9:28:00;OF-010;Las Palmas;0;12;0;medio;manana;0;0;1;2;0
807;31/01/2025;9:11:00;OF-028;Valencia;0;31;0;bajo;tarde;0;1;0;1;0
808;01/02/2025;13:44:00;OF-003;Barcelona;0;1;0;medio;manana;0;1;0;3;1
809;01/02/2025;9:01:00;OF-015;Salamanca;0;1;1;alto;manana;1;0;0;3;0
810;01/02/2025;14:00:00;OF-025;Madrid;0;1;1;alto;tarde;1;0;0;1;0
811;02/02/2025;8:58:00;OF-015;Salamanca;0;2;1;alto;tarde;0;0;1;1;0
812;02/02/2025;13:56:00;OF-015;Salamanca;0;2;0;bajo;tarde;0;0;1;1;0
813;02/02/2025;8:48:00;OF-017;Sevilla;0;2;0;medio;tarde;0;0;0;0;0
814;02/02/2025;15:59:00;OF-019;Valencia;0;2;0;bajo;tarde;1;1;0;2;0
815;05/02/2025;14:19:00;OF-005;Bilbao;0;5;1;alto;manana;0;0;1;1;1
816;05/02/2025;9:19:00;OF-007;C?doba;0;5;1;alto;tarde;1;1;1;0;0
817;05/02/2025;14:06:00;OF-010;Las Palmas;0;5;1;alto;manana;0;0;0;1;0
818;07/02/2025;9:03:00;OF-024;Zaragoza;0;7;1;alto;manana;0;0;1;0;1
819;07/02/2025;14:09:00;OF-029;Madrid;0;7;0;medio;manana;0;0;1;1;0
820;08/02/2025;14:09:00;OF-016;Santander;0;8;0;medio;manana;0;0;0;1;0
821;09/02/2025;9:17:00;OF-007;C?doba;0;9;0;bajo;tarde;0;1;0;2;0
822;09/02/2025;13:50:00;OF-012;M?aga;0;9;1;alto;manana;1;0;1;1;0
823;12/02/2025;14:13:00;OF-020;Valladolid;0;12;0;alto;tarde;1;0;1;2;0
824;13/02/2025;13:51:00;OF-020;Valladolid;0;13;1;alto;tarde;1;0;1;0;1
825;14/02/2025;9:24:00;OF-008;Gij?;0;14;1;alto;tarde;1;0;0;2;0
826;14/02/2025;13:43:00;OF-023;Madrid;0;14;1;alto;tarde;0;1;0;0;0
827;15/02/2025;14:06:00;OF-016;Santander;0;15;1;alto;tarde;0;0;1;2;0
828;15/02/2025;9:12:00;OF-019;Valencia;0;15;0;medio;manana;0;1;1;1;0
829;16/02/2025;14:20:00;OF-003;Barcelona;0;16;0;bajo;tarde;0;1;0;1;0
830;16/02/2025;8:42:00;OF-019;Valencia;0;16;0;medio;manana;1;1;1;1;0
831;17/02/2025;13:50:00;OF-028;Valencia;0;17;1;alto;tarde;1;0;1;3;1
832;18/02/2025;17:28:00;OF-003;Barcelona;0;18;0;alto;tarde;1;1;1;0;0
833;22/02/2025;13:50:00;OF-016;Santander;0;22;0;medio;tarde;0;0;1;2;0
834;23/02/2025;13:40:00;OF-013;Murcia;0;23;0;medio;manana;1;1;1;2;0
835;23/02/2025;8:59:00;OF-021;Vigo;1;23;0;medio;manana;1;0;1;1;0
836;23/02/2025;13:50:00;OF-025;Madrid;0;23;1;alto;tarde;0;1;1;1;0
837;28/02/2025;13:49:00;OF-024;Zaragoza;0;28;0;medio;manana;0;0;0;2;0
838;01/03/2025;17:38:00;OF-016;Santander;0;1;1;alto;manana;1;0;1;2;0
839;02/03/2025;14:12:00;OF-003;Barcelona;0;2;1;alto;manana;0;1;0;1;0
840;02/03/2025;8:41:00;OF-004;Barcelona;0;2;1;bajo;tarde;0;1;1;0;0
841;03/03/2025;15:34:00;OF-004;Barcelona;0;4;1;alto;tarde;0;0;0;1;0
842;03/03/2025;17:43:00;OF-005;Bilbao;0;15;1;alto;manana;0;0;0;0;0
843;04/03/2025;13:53:00;OF-010;Las Palmas;0;4;0;medio;manana;1;0;0;2;0
844;04/03/2025;9:12:00;OF-026;Barcelona;0;4;0;bajo;tarde;1;1;0;3;0
845;05/03/2025;9:12:00;OF-009;Granada;0;5;0;medio;manana;0;0;1;2;0
846;05/03/2025;9:12:00;OF-011;Madrid;0;5;1;alto;manana;0;1;1;1;0
847;05/03/2025;15:54:00;OF-028;Valencia;0;5;1;alto;manana;1;0;1;0;0
848;06/03/2025;13:56:00;OF-006;C?iz;0;6;0;alto;manana;1;0;0;1;0
849;07/03/2025;14:04:00;OF-009;Granada;0;7;0;medio;manana;0;0;0;1;0
850;08/03/2025;8:56:00;OF-007;C?doba;0;8;0;medio;tarde;0;0;0;2;0
851;08/03/2025;13:53:00;OF-007;C?doba;0;8;1;alto;manana;1;0;0;3;0
852;08/03/2025;13:37:00;OF-019;Valencia;0;8;1;alto;manana;0;1;1;1;0
853;10/03/2025;14:05:00;OF-022;Madrid;0;10;1;bajo;manana;0;0;0;1;0
854;10/03/2025;9:29:00;OF-029;Madrid;0;10;0;medio;tarde;0;1;0;1;1
855;11/03/2025;9:14:00;OF-019;Valencia;0;11;0;medio;manana;0;0;0;0;0
856;12/03/2025;13:53:00;OF-014;Oviedo;0;12;1;alto;manana;0;0;0;1;0
857;14/03/2025;13:42:00;OF-003;Barcelona;0;14;1;alto;tarde;1;0;1;1;0
858;15/03/2025;8:57:00;OF-017;Sevilla;0;15;0;medio;tarde;1;1;1;1;1
859;15/03/2025;15:48:00;OF-023;Madrid;0;15;0;medio;manana;0;1;0;2;0
860;16/03/2025;17:39:00;OF-017;Sevilla;0;16;0;medio;manana;0;0;0;1;0
861;16/03/2025;14:14:00;OF-019;Valencia;0;16;0;medio;tarde;0;1;0;1;1
862;16/03/2025;9:17:00;OF-021;Vigo;0;16;1;alto;manana;0;0;0;2;0
863;22/03/2025;13:55:00;OF-020;Valladolid;0;22;0;medio;tarde;1;0;0;0;0
864;24/03/2025;17:19:00;OF-011;Madrid;0;24;1;alto;tarde;1;1;1;1;0
865;24/03/2025;13:47:00;OF-026;Barcelona;0;24;1;alto;tarde;0;1;1;2;0
866;25/03/2025;9:35:00;OF-003;Barcelona;0;25;1;alto;manana;0;1;1;1;0
867;25/03/2025;13:51:00;OF-008;Gij?;0;25;1;alto;tarde;0;1;1;2;0
868;25/03/2025;9:10:00;OF-016;Santander;0;25;1;alto;manana;0;1;1;0;0
869;25/03/2025;9:07:00;OF-029;Madrid;0;25;1;alto;manana;1;1;1;1;0
870;26/03/2025;17:12:00;OF-013;Murcia;0;26;0;medio;manana;0;0;1;0;0
871;26/03/2025;14:03:00;OF-015;Salamanca;0;26;1;alto;tarde;0;0;1;1;0
872;26/03/2025;8:58:00;OF-019;Valencia;0;26;1;alto;manana;0;0;0;1;0
873;26/03/2025;14:02:00;OF-024;Zaragoza;1;26;0;medio;manana;1;0;1;0;1
874;27/03/2025;14:08:00;OF-005;Bilbao;0;17;0;medio;manana;1;0;1;0;0
875;28/03/2025;9:17:00;OF-025;Madrid;0;28;0;medio;manana;1;0;1;0;0
876;31/03/2025;9:32:00;OF-003;Barcelona;1;31;1;alto;manana;1;0;1;1;0
877;31/03/2025;14:08:00;OF-017;Sevilla;0;31;0;medio;tarde;1;0;1;0;0
878;01/04/2025;13:56:00;OF-013;Murcia;0;1;0;medio;tarde;0;0;0;1;0
879;02/04/2025;9:26:00;OF-004;Barcelona;0;2;0;medio;manana;0;0;1;3;0
880;02/04/2025;16:01:00;OF-010;Las Palmas;0;2;0;medio;tarde;0;0;0;0;0
881;02/04/2025;14:18:00;OF-018;Tenerife;0;2;0;bajo;manana;0;0;0;1;0
882;02/04/2025;9:10:00;OF-029;Madrid;0;2;1;alto;manana;1;1;0;3;0
883;03/04/2025;13:51:00;OF-016;Santander;0;3;0;medio;manana;1;0;1;1;0
884;03/04/2025;17:10:00;OF-019;Valencia;0;3;0;medio;manana;0;0;0;1;0
885;04/04/2025;14:08:00;OF-013;Murcia;0;4;0;medio;tarde;1;0;0;1;0
886;05/04/2025;9:04:00;OF-006;C?iz;0;15;1;alto;manana;1;0;1;1;0
887;05/04/2025;13:44:00;OF-024;Zaragoza;0;5;0;medio;manana;1;1;0;2;0
888;05/04/2025;9:07:00;OF-025;Madrid;0;5;0;medio;manana;0;0;1;1;0
889;07/04/2025;9:08:00;OF-001;A Coruna;0;7;1;alto;tarde;0;1;1;2;0
890;07/04/2025;16:03:00;OF-024;Zaragoza;0;7;0;medio;tarde;0;0;0;1;0
891;08/04/2025;17:33:00;OF-005;Bilbao;0;8;0;medio;manana;0;0;1;3;1
892;10/04/2025;13:52:00;OF-015;Salamanca;0;10;0;bajo;tarde;0;1;0;2;0
893;10/04/2025;9:10:00;OF-015;Salamanca;0;10;1;alto;manana;0;1;1;1;0
894;11/04/2025;13:58:00;OF-007;C?doba;0;11;0;medio;tarde;0;0;1;2;1
895;12/04/2025;13:41:00;OF-011;Madrid;0;12;0;medio;tarde;1;1;1;2;0
896;13/04/2025;13:49:00;OF-016;Santander;0;13;1;alto;manana;1;0;1;0;0
897;14/04/2025;9:29:00;OF-019;Valencia;0;14;0;medio;manana;0;0;0;1;0
898;17/04/2025;13:52:00;OF-013;Murcia;0;17;1;alto;manana;0;0;0;0;0
899;17/04/2025;8:57:00;OF-025;Madrid;0;17;1;alto;tarde;0;0;1;1;0
900;17/04/2025;13:28:00;OF-025;Madrid;0;17;0;medio;tarde;0;0;1;0;0
901;20/04/2025;9:03:00;OF-021;Vigo;0;20;1;alto;manana;0;0;1;1;0
902;22/04/2025;9:09:00;OF-014;Oviedo;0;22;1;bajo;tarde;0;1;1;3;0
903;24/04/2025;15:47:00;OF-014;Oviedo;0;24;1;alto;manana;0;0;1;3;0
904;26/04/2025;14:26:00;OF-004;Barcelona;0;10;1;bajo;manana;0;1;1;3;0
905;26/04/2025;17:22:00;OF-023;Madrid;0;26;0;medio;manana;1;1;0;1;0
906;27/04/2025;9:01:00;OF-015;Salamanca;0;27;1;alto;tarde;0;0;1;0;0
907;28/04/2025;8:57:00;OF-003;Barcelona;0;28;1;alto;manana;1;1;1;1;0
908;28/04/2025;9:08:00;OF-008;Gij?;0;28;0;medio;tarde;1;0;0;1;0
909;30/04/2025;13:28:00;OF-001;A Coruna;0;30;0;medio;tarde;1;1;1;1;0
910;30/04/2025;9:29:00;OF-005;Bilbao;0;30;1;alto;tarde;0;0;1;2;0
911;30/04/2025;9:03:00;OF-011;Madrid;0;15;1;alto;tarde;0;1;1;0;0
912;01/05/2025;16:02:00;OF-014;Oviedo;0;1;1;alto;tarde;0;1;0;0;0
913;02/05/2025;13:58:00;OF-002;Alicante;0;2;1;alto;manana;0;0;0;2;0
914;02/05/2025;17:18:00;OF-018;Tenerife;0;2;1;alto;tarde;0;1;1;0;0
915;03/05/2025;8:44:00;OF-007;C?doba;0;3;1;alto;manana;0;0;1;3;0
916;03/05/2025;14:00:00;OF-016;Santander;0;3;0;bajo;manana;0;0;0;0;0
917;03/05/2025;8:36:00;OF-027;Madrid;0;3;0;bajo;tarde;0;0;0;0;0
918;04/05/2025;14:02:00;OF-021;Vigo;0;4;1;alto;manana;1;1;1;0;0
919;06/05/2025;13:27:00;OF-023;Madrid;0;6;0;medio;tarde;1;1;0;0;1
920;08/05/2025;9:30:00;OF-002;Alicante;0;8;0;bajo;tarde;0;1;1;0;0
921;10/05/2025;8:45:00;OF-001;A Coruna;0;16;1;alto;tarde;1;1;1;0;1
922;10/05/2025;13:57:00;OF-019;Valencia;0;10;0;medio;manana;0;1;0;2;1
923;10/05/2025;8:37:00;OF-021;Vigo;0;10;0;medio;tarde;0;1;1;2;0
924;13/05/2025;9:02:00;OF-010;Las Palmas;0;13;1;alto;manana;0;0;0;1;0
925;13/05/2025;13:58:00;OF-024;Zaragoza;0;13;1;bajo;tarde;0;0;0;1;0
926;14/05/2025;9:10:00;OF-012;M?aga;0;14;1;alto;tarde;0;0;1;1;1
927;15/05/2022;13:31:00;OF-023;Madrid;0;15;0;medio;manana;0;0;1;0;0
928;16/05/2022;9:06:00;OF-027;Madrid;0;16;0;bajo;manana;0;1;1;1;1
929;20/05/2022;14:03:00;OF-024;Zaragoza;0;20;0;bajo;manana;1;0;1;5;0
930;21/05/2022;13:50:00;OF-001;A Coruna;0;21;0;medio;tarde;0;0;0;3;0
931;21/05/2022;9:21:00;OF-013;Murcia;0;21;0;medio;tarde;0;0;0;3;0
932;22/05/2022;16:02:00;OF-020;Valladolid;0;22;0;medio;tarde;0;0;0;0;0
933;22/05/2025;14:18:00;OF-022;Madrid;0;22;0;bajo;manana;0;1;0;1;0
934;25/05/2025;13:51:00;OF-008;Gij?;0;25;1;alto;tarde;0;1;0;2;0
935;25/05/2025;9:03:00;OF-023;Madrid;0;25;0;medio;manana;1;0;0;1;0
936;26/05/2025;13:34:00;OF-018;Tenerife;0;26;1;alto;tarde;1;1;1;2;0
937;26/05/2025;9:35:00;OF-021;Vigo;0;26;0;bajo;manana;0;0;1;1;0
938;26/05/2025;13:37:00;OF-022;Madrid;0;26;1;alto;tarde;0;1;1;2;0
939;27/05/2025;9:17:00;OF-015;Salamanca;0;27;1;alto;manana;0;0;1;1;0
940;27/05/2025;8:53:00;OF-019;Valencia;0;27;1;alto;tarde;0;1;0;2;0
941;28/05/2025;13:48:00;OF-006;C?iz;0;28;0;medio;manana;0;0;0;1;0
942;28/05/2025;8:38:00;OF-011;Madrid;0;28;1;alto;tarde;1;1;1;1;0
943;30/05/2025;14:18:00;OF-001;A Coruna;0;30;0;bajo;tarde;0;0;1;3;0
944;30/05/2025;17:20:00;OF-019;Valencia;0;30;0;medio;manana;0;1;0;1;0
945;30/05/2025;14:16:00;OF-025;Madrid;0;30;0;medio;manana;1;0;1;2;0
946;01/06/2025;9:03:00;OF-003;Barcelona;0;1;0;medio;tarde;0;0;1;3;0
947;01/06/2025;15:42:00;OF-004;Barcelona;0;6;1;alto;tarde;0;0;1;1;0
948;01/06/2025;14:18:00;OF-017;Sevilla;0;1;0;medio;tarde;0;1;0;0;0
949;02/06/2025;9:25:00;OF-009;Granada;0;2;1;alto;manana;1;1;1;3;0
950;02/06/2022;13:53:00;OF-012;M?aga;0;2;1;alto;tarde;0;0;1;2;0
951;03/06/2022;9:23:00;OF-024;Zaragoza;0;3;0;medio;tarde;0;1;1;1;0
952;04/06/2022;13:33:00;OF-014;Oviedo;0;4;0;bajo;manana;1;0;1;2;1
953;09/06/2025;9:05:00;OF-002;Alicante;0;9;1;alto;tarde;0;1;1;0;1
954;10/06/2025;13:55:00;OF-018;Tenerife;0;10;0;medio;tarde;0;1;1;0;0
955;13/06/2025;8:55:00;OF-006;C?iz;0;13;0;medio;tarde;1;0;0;0;0
956;14/06/2025;14:04:00;OF-016;Santander;0;14;0;medio;tarde;0;1;1;2;0
957;15/06/2025;17:35:00;OF-018;Tenerife;0;15;0;medio;manana;1;0;1;0;0
958;16/06/2025;14:10:00;OF-010;Las Palmas;0;16;0;bajo;tarde;0;0;1;2;0
959;16/06/2025;8:45:00;OF-013;Murcia;0;16;0;medio;tarde;1;1;0;1;0
960;16/06/2025;13:57:00;OF-017;Sevilla;0;16;1;alto;tarde;0;0;0;0;0
961;18/06/2025;14:19:00;OF-015;Salamanca;0;18;1;alto;tarde;1;0;1;0;1
962;18/06/2025;13:22:00;OF-020;Valladolid;0;18;1;alto;manana;1;0;1;2;0
963;18/06/2025;14:12:00;OF-021;Vigo;0;18;0;medio;manana;0;1;1;2;0
964;20/06/2025;9:18:00;OF-014;Oviedo;0;20;0;medio;tarde;0;0;1;1;0
965;21/06/2025;13:45:00;OF-022;Madrid;0;21;0;medio;tarde;0;0;1;0;0
966;22/06/2025;8:59:00;OF-021;Vigo;0;22;1;alto;tarde;0;1;1;4;0
967;23/06/2025;14:18:00;OF-008;Gij?;0;23;0;bajo;manana;1;1;1;0;0
968;24/06/2025;8:59:00;OF-017;Sevilla;0;24;1;alto;manana;1;0;1;2;0
969;26/06/2025;13:50:00;OF-004;Barcelona;0;17;1;alto;manana;1;1;1;3;0
970;27/06/2025;8:42:00;OF-001;A Coruna;0;27;0;medio;tarde;0;0;0;2;0
971;27/06/2025;15:52:00;OF-020;Valladolid;0;27;1;alto;tarde;1;0;1;1;0
972;28/06/2025;17:36:00;OF-011;Madrid;0;28;0;bajo;manana;1;1;1;1;0
973;29/06/2025;14:05:00;OF-001;A Coruna;0;29;1;alto;tarde;0;1;0;1;0
974;29/06/2025;8:58:00;OF-001;A Coruna;0;29;0;medio;manana;0;0;0;1;0
975;30/06/2025;13:48:00;OF-009;Granada;0;15;0;medio;tarde;0;0;0;0;0
976;30/06/2025;8:58:00;OF-017;Sevilla;1;30;1;alto;manana;1;0;0;2;0
977;30/06/2025;9:37:00;OF-027;Madrid;0;30;1;alto;manana;1;1;0;0;0
978;01/07/2022;14:19:00;OF-005;Bilbao;0;13;0;medio;tarde;1;0;1;3;0
979;01/07/2023;13:57:00;OF-024;Zaragoza;0;1;0;bajo;tarde;0;1;1;1;0
980;02/07/2022;17:34:00;OF-009;Granada;0;2;1;alto;manana;0;0;1;0;0
981;03/07/2022;14:10:00;OF-012;M?aga;0;3;1;alto;tarde;0;0;0;3;0
982;06/07/2023;8:44:00;OF-013;Murcia;0;6;0;medio;manana;1;0;0;1;0
983;06/07/2024;13:31:00;OF-017;Sevilla;0;6;0;medio;tarde;0;0;1;1;0
984;07/07/2024;17:24:00;OF-013;Murcia;0;7;1;alto;manana;1;0;0;0;0
985;07/07/2023;14:05:00;OF-013;Murcia;0;7;0;medio;tarde;0;0;1;1;0
986;08/07/2022;13:17:00;OF-004;Barcelona;0;8;1;bajo;manana;0;1;1;0;0
987;08/07/2022;9:27:00;OF-012;M?aga;0;8;1;alto;tarde;0;1;1;1;1
988;08/07/2022;13:35:00;OF-022;Madrid;0;8;0;medio;manana;0;1;0;1;0
989;09/06/2025;9:01:00;OF-024;Zaragoza;0;9;0;medio;manana;1;1;1;2;1
990;01/07/2025;9:00:00;OF-003;Barcelona;0;10;0;medio;tarde;0;1;0;3;0
991;11/04/2025;16:17:00;OF-022;Madrid;0;11;1;alto;manana;1;1;1;1;0
992;13/07/2024;17:40:00;OF-019;Valencia;0;13;0;medio;tarde;1;1;1;1;0
993;16/07/2023;13:48:00;OF-015;Salamanca;0;16;1;alto;manana;0;0;0;0;0
994;17/07/2023;8:54:00;OF-012;M?aga;0;17;0;medio;manana;1;0;0;0;0
995;17/07/2023;13:48:00;OF-013;Murcia;0;17;0;medio;manana;0;0;0;2;0
996;17/07/2023;9:09:00;OF-013;Murcia;0;17;0;bajo;manana;1;0;1;0;0
997;17/07/2023;15:54:00;OF-015;Salamanca;0;17;0;medio;manana;1;0;0;1;0
998;18/07/2023;8:58:00;OF-017;Sevilla;0;18;0;medio;manana;0;0;1;0;1
999;18/07/2023;9:17:00;OF-018;Tenerife;1;18;1;bajo;manana;1;1;0;0;1
1000;19/02/2022;9:10:00;OF-001;A Coruna;0;19;0;alto;tarde;1;1;1;2;0
1001;21/03/2022;9:33:00;OF-001;A Coruna;0;21;0;medio;manana;0;1;1;2;0
1002;21/05/2022;9:18:00;OF-017;Sevilla;0;21;0;medio;manana;1;1;1;2;0
1003;22/06/2022;13:53:00;OF-001;A Coruna;0;1;1;alto;tarde;1;0;1;0;0
1004;22/06/2022;13:58:00;OF-004;Barcelona;0;22;0;alto;manana;1;1;0;2;0
1005;22/01/2022;14:21:00;OF-005;Bilbao;0;22;0;medio;manana;0;1;0;2;0
1006;22/01/2022;9:04:00;OF-009;Granada;0;22;1;alto;manana;0;0;1;5;0
1007;23/07/2022;13:54:00;OF-009;Granada;0;23;1;bajo;manana;0;0;0;1;1
1008;23/07/2022;13:55:00;OF-017;Sevilla;0;23;0;medio;tarde;0;0;1;2;0
1009;24/07/2022;8:59:00;OF-007;C?doba;0;24;0;medio;tarde;0;0;0;1;0
1010;24/07/2022;14:08:00;OF-011;Madrid;0;24;1;alto;manana;1;1;0;1;0
1011;24/07/2022;9:33:00;OF-013;Murcia;0;24;0;bajo;manana;0;1;0;3;0
1012;25/07/2022;13:39:00;OF-012;M?aga;0;25;1;alto;manana;1;0;1;2;0
1013;25/07/2022;13:36:00;OF-028;Valencia;0;25;1;alto;manana;0;1;0;0;0
1014;27/07/2022;14:21:00;OF-003;Barcelona;0;27;0;bajo;tarde;0;0;1;0;0
1015;27/07/2022;9:32:00;OF-026;Barcelona;0;27;1;bajo;manana;0;1;0;3;1
1016;11/07/2022;16:01:00;OF-004;Barcelona;0;28;1;alto;tarde;1;1;1;1;0
1017;30/07/2022;14:09:00;OF-007;C?doba;0;17;0;medio;tarde;0;0;0;1;0
1018;30/07/2022;8:40:00;OF-011;Madrid;0;15;1;alto;manana;0;1;1;0;0
1019;01/08/2022;16:00:00;OF-016;Santander;0;1;1;bajo;tarde;0;1;1;1;0
1020;03/08/2022;14:06:00;OF-010;Las Palmas;0;3;0;medio;manana;1;0;0;1;0
1021;04/08/2022;14:13:00;OF-011;Madrid;0;4;1;alto;tarde;1;1;1;1;0
1022;04/08/2022;9:15:00;OF-025;Madrid;0;4;1;alto;manana;0;0;1;0;0
1023;05/08/2022;13:44:00;OF-004;Barcelona;0;5;0;medio;manana;0;1;1;1;1
1024;05/08/2022;8:58:00;OF-010;Las Palmas;0;14;0;medio;tarde;0;1;1;2;0
1025;05/08/2022;13:58:00;OF-012;M?aga;0;14;0;bajo;manana;1;1;0;0;0
1026;05/08/2022;9:37:00;OF-022;Madrid;0;5;0;medio;manana;0;1;1;3;0
1027;08/08/2022;9:30:00;OF-026;Barcelona;0;8;0;medio;manana;0;1;0;1;0
1028;09/08/2022;14:06:00;OF-024;Zaragoza;0;9;1;alto;manana;0;1;0;2;0
1029;09/08/2022;17:11:00;OF-029;Madrid;0;9;1;alto;tarde;0;1;1;0;0
1030;10/08/2022;13:45:00;OF-001;A Coruna;0;28;1;alto;manana;0;1;0;0;0
1031;11/08/2022;9:12:00;OF-007;C?doba;0;11;0;medio;manana;0;0;1;0;0
1032;12/08/2022;14:06:00;OF-010;Las Palmas;0;12;1;alto;manana;0;1;1;2;0
1033;12/08/2022;13:47:00;OF-013;Murcia;0;12;0;bajo;manana;1;0;1;2;0
1034;12/08/2022;9:11:00;OF-017;Sevilla;0;12;0;medio;tarde;0;1;1;1;0
1035;13/08/2022;9:12:00;OF-003;Barcelona;0;13;0;bajo;manana;1;0;0;2;0
1036;13/08/2022;13:49:00;OF-010;Las Palmas;0;13;0;medio;tarde;1;0;0;0;0
1037;14/08/2022;9:30:00;OF-011;Madrid;0;14;0;medio;manana;0;1;1;0;0
1038;15/08/2022;13:55:00;OF-005;Bilbao;0;15;1;alto;manana;0;0;0;0;0
1039;15/08/2022;8:55:00;OF-006;C?iz;0;15;0;medio;manana;1;0;0;2;0
1040;15/08/2022;15:47:00;OF-014;Oviedo;0;15;0;bajo;tarde;0;0;0;2;0
1041;15/08/2022;17:14:00;OF-019;Valencia;0;15;0;bajo;manana;0;1;1;1;0
1042;15/08/2022;14:05:00;OF-029;Madrid;0;15;1;alto;manana;0;1;1;1;0
1043;16/08/2022;8:50:00;OF-025;Madrid;0;16;1;alto;manana;0;1;0;0;0
1044;17/08/2022;9:08:00;OF-016;Santander;0;17;1;alto;manana;0;1;1;1;0
1045;18/08/2022;13:53:00;OF-019;Valencia;0;18;1;bajo;manana;0;1;0;3;0
1046;19/08/2022;14:01:00;OF-028;Valencia;0;19;0;medio;manana;0;1;0;3;0
1047;24/08/2022;9:30:00;OF-028;Valencia;0;24;0;medio;tarde;0;0;1;2;0
1048;25/08/2022;9:22:00;OF-012;M?aga;0;25;1;alto;tarde;1;0;1;0;0
1049;26/08/2022;17:12:00;OF-019;Valencia;0;26;0;bajo;manana;0;1;1;0;0
1050;26/08/2022;14:15:00;OF-028;Valencia;0;16;1;alto;manana;0;0;0;0;0
1051;27/08/2022;9:05:00;OF-010;Las Palmas;0;12;0;bajo;manana;0;0;1;1;0
1052;27/08/2022;13:33:00;OF-012;M?aga;0;27;0;medio;tarde;0;0;1;0;0
1053;29/08/2022;17:27:00;OF-003;Barcelona;0;12;0;bajo;tarde;0;1;1;1;0
1054;29/08/2022;14:02:00;OF-005;Bilbao;0;29;0;medio;tarde;0;1;1;1;1
1055;29/08/2022;13:51:00;OF-027;Madrid;0;29;0;medio;manana;0;1;1;3;0
1056;30/08/2022;9:36:00;OF-012;M?aga;0;30;1;alto;tarde;0;0;1;1;0
1057;02/09/2022;14:13:00;OF-012;M?aga;0;2;1;alto;tarde;1;1;1;0;1
1058;02/09/2022;13:47:00;OF-014;Oviedo;0;2;0;medio;tarde;0;1;1;0;0
1059;02/09/2022;9:09:00;OF-023;Madrid;0;2;0;medio;manana;1;1;1;1;0
1060;04/09/2022;17:18:00;OF-021;Vigo;0;4;1;alto;manana;0;0;1;1;0
1061;07/09/2022;13:47:00;OF-018;Tenerife;0;7;0;medio;tarde;0;1;1;2;0
1062;07/09/2022;9:07:00;OF-020;Valladolid;0;7;0;medio;manana;0;0;0;1;0
1063;07/09/2022;13:52:00;OF-022;Madrid;0;7;0;medio;tarde;0;1;0;2;1
1064;08/09/2022;13:37:00;OF-010;Las Palmas;0;8;0;medio;tarde;0;0;1;0;0
1065;10/09/2022;13:33:00;OF-015;Salamanca;0;10;0;medio;manana;0;1;1;2;0
1066;10/09/2022;9:13:00;OF-020;Valladolid;0;9;0;bajo;manana;0;0;1;0;0
1067;10/09/2022;17:47:00;OF-024;Zaragoza;0;10;0;medio;manana;1;1;0;2;0
1068;11/09/2022;13:47:00;OF-003;Barcelona;0;11;1;alto;tarde;1;0;1;1;0
1069;14/09/2022;9:17:00;OF-012;M?aga;0;14;1;bajo;tarde;1;0;0;1;1
1070;16/09/2022;14:07:00;OF-023;Madrid;0;16;0;medio;tarde;0;0;1;2;1
1071;16/09/2022;13:35:00;OF-024;Zaragoza;0;16;0;bajo;manana;1;0;1;3;0
1072;18/09/2022;9:10:00;OF-022;Madrid;0;18;0;medio;tarde;0;0;1;2;1
1073;19/09/2022;13:51:00;OF-001;A Coruna;0;19;0;medio;manana;1;0;1;0;0
1074;19/09/2022;9:30:00;OF-011;Madrid;0;19;1;alto;tarde;1;0;1;1;0
1075;19/09/2022;13:26:00;OF-013;Murcia;0;19;1;alto;tarde;0;0;1;2;0
1076;19/09/2022;14:12:00;OF-016;Santander;0;19;1;alto;manana;1;1;0;2;0
1077;19/09/2022;9:02:00;OF-020;Valladolid;0;19;0;bajo;manana;0;0;1;0;0
1078;22/09/2022;15:53:00;OF-006;C?iz;0;22;1;alto;manana;1;0;1;1;0
1079;22/09/2022;14:11:00;OF-012;M?aga;0;22;0;medio;manana;1;0;1;1;0
1080;23/09/2022;13:52:00;OF-018;Tenerife;0;23;1;alto;manana;1;0;0;1;0
1081;23/09/2022;8:40:00;OF-021;Vigo;0;23;1;alto;tarde;1;1;1;0;0
1082;23/09/2022;13:32:00;OF-028;Valencia;0;23;0;bajo;tarde;1;0;0;2;1
1083;24/09/2022;8:31:00;OF-019;Valencia;0;24;1;alto;manana;0;1;1;1;0
1084;29/09/2022;17:43:00;OF-017;Sevilla;0;29;0;medio;manana;0;0;1;0;0
1085;29/09/2022;14:13:00;OF-024;Zaragoza;0;29;0;medio;manana;0;0;1;2;0
1086;30/09/2022;14:20:00;OF-018;Tenerife;0;30;0;medio;manana;0;0;1;1;0
1087;30/09/2022;9:32:00;OF-020;Valladolid;0;30;1;alto;tarde;0;0;0;1;0
1088;03/10/2023;13:26:00;OF-013;Murcia;0;3;1;bajo;tarde;0;1;0;1;0
1089;03/10/2022;8:54:00;OF-022;Madrid;0;3;0;bajo;tarde;0;1;1;3;0
1090;04/10/2022;13:45:00;OF-023;Madrid;0;4;1;alto;tarde;0;0;1;1;0
1091;05/10/2022;9:05:00;OF-001;A Coruna;0;16;0;medio;manana;0;0;0;1;0
1092;05/10/2022;13:34:00;OF-012;M?aga;0;5;1;alto;tarde;0;0;1;2;0
1093;05/10/2022;9:09:00;OF-024;Zaragoza;0;5;1;alto;manana;0;0;1;1;0
1094;05/10/2022;14:11:00;OF-024;Zaragoza;0;5;0;medio;tarde;1;0;1;0;0
1095;06/10/2022;14:11:00;OF-014;Oviedo;0;6;0;medio;tarde;0;0;1;0;0
1096;08/10/2022;8:59:00;OF-027;Madrid;0;8;0;medio;manana;1;0;0;1;0
1097;10/10/2022;17:34:00;OF-011;Madrid;0;10;0;medio;manana;0;0;0;0;0
1098;11/10/2022;14:13:00;OF-024;Zaragoza;0;11;0;medio;tarde;0;0;1;2;1
1099;12/10/2022;13:41:00;OF-013;Murcia;0;12;0;medio;manana;1;0;1;1;0
1100;13/10/2022;9:23:00;OF-009;Granada;0;13;1;alto;tarde;0;1;1;2;0
1101;14/10/2022;13:38:00;OF-019;Valencia;0;14;1;alto;manana;0;0;1;0;0
1102;16/10/2022;9:16:00;OF-009;Granada;0;16;0;medio;tarde;0;0;1;2;0
1103;16/10/2022;13:45:00;OF-011;Madrid;0;16;0;alto;tarde;1;1;1;1;0
1104;17/10/2022;9:10:00;OF-016;Santander;0;17;1;bajo;manana;1;0;1;1;1
1105;18/10/2022;14:03:00;OF-016;Santander;0;18;0;medio;tarde;0;0;1;3;1
1106;18/10/2022;8:57:00;OF-028;Valencia;0;18;1;alto;tarde;1;0;1;4;0
1107;19/10/2022;14:10:00;OF-029;Madrid;0;19;0;medio;tarde;0;1;0;3;0
1108;21/10/2022;9:00:00;OF-004;Barcelona;0;21;1;alto;tarde;1;1;1;2;0
1109;21/10/2022;13:32:00;OF-024;Zaragoza;0;21;0;medio;manana;0;0;0;1;0
1110;22/10/2022;14:01:00;OF-008;Gij?;1;22;0;medio;manana;1;0;1;0;0
1111;23/10/2022;13:36:00;OF-001;A Coruna;0;23;0;bajo;manana;0;0;1;2;0
1112;23/10/2022;14:00:00;OF-009;Granada;0;23;1;bajo;manana;0;0;1;0;0
1113;25/10/2022;9:32:00;OF-001;A Coruna;0;25;1;alto;manana;1;0;0;1;0
1114;25/10/2022;9:03:00;OF-006;C?iz;0;17;1;alto;tarde;1;1;0;0;0
1115;25/10/2022;13:54:00;OF-010;Las Palmas;0;25;1;alto;manana;1;0;0;0;0
1116;25/10/2022;9:14:00;OF-013;Murcia;0;25;0;medio;manana;0;0;1;3;0
1117;27/10/2022;16:17:00;OF-002;Alicante;0;17;1;alto;manana;1;0;0;0;0
1118;27/10/2022;14:29:00;OF-017;Sevilla;0;27;1;alto;manana;0;1;1;1;1
1119;28/10/2022;17:42:00;OF-003;Barcelona;0;28;1;alto;manana;1;0;1;1;0
1120;28/10/2022;14:22:00;OF-005;Bilbao;1;13;1;alto;tarde;1;0;1;2;0
1121;28/10/2022;9:19:00;OF-021;Vigo;0;28;0;bajo;tarde;0;0;1;1;0
1122;29/10/2022;13:36:00;OF-002;Alicante;0;12;0;medio;manana;0;0;0;1;0
1123;29/10/2022;9:19:00;OF-014;Oviedo;0;9;0;medio;tarde;0;0;1;2;0
1124;29/10/2022;9:36:00;OF-015;Salamanca;0;29;0;medio;tarde;0;0;1;2;0
1125;29/10/2022;14:17:00;OF-020;Valladolid;0;9;0;medio;tarde;0;1;0;1;1
1126;01/11/2022;13:41:00;OF-009;Granada;0;1;0;bajo;tarde;1;0;1;4;0
1127;04/11/2022;14:04:00;OF-010;Las Palmas;0;4;1;alto;manana;1;1;0;1;0
1128;04/11/2022;17:09:00;OF-010;Las Palmas;0;4;1;alto;tarde;1;1;1;1;0
1129;05/11/2022;13:49:00;OF-003;Barcelona;0;18;0;medio;tarde;0;1;1;0;1
1130;05/11/2022;9:03:00;OF-008;Gij?;0;5;0;medio;manana;0;0;0;3;0
1131;05/11/2022;13:41:00;OF-023;Madrid;0;5;0;medio;manana;1;1;1;0;1
1132;06/11/2022;13:44:00;OF-004;Barcelona;0;6;1;bajo;tarde;0;1;1;0;1
1133;06/11/2022;9:06:00;OF-011;Madrid;0;6;0;medio;manana;1;0;1;1;0
1134;06/11/2022;14:05:00;OF-017;Sevilla;0;6;0;medio;manana;0;1;1;1;0
1135;08/11/2022;14:01:00;OF-008;Gij?;0;8;0;medio;manana;0;1;1;1;1
1136;08/11/2022;9:14:00;OF-010;Las Palmas;0;8;0;bajo;manana;0;0;0;1;0
1137;10/11/2022;13:53:00;OF-019;Valencia;0;10;1;alto;manana;0;1;0;1;0
1138;11/11/2022;14:16:00;OF-006;C?iz;0;11;1;bajo;manana;0;1;0;2;0
1139;12/11/2022;17:36:00;OF-016;Santander;0;12;0;medio;manana;0;1;1;2;0
1140;14/11/2022;14:00:00;OF-002;Alicante;0;14;0;medio;tarde;0;1;1;1;0
1141;15/11/2022;8:58:00;OF-025;Madrid;0;15;0;bajo;tarde;0;1;1;2;0
1142;17/11/2022;8:56:00;OF-014;Oviedo;0;17;1;alto;tarde;0;0;1;3;0
1143;17/11/2022;9:20:00;OF-025;Madrid;0;17;0;medio;manana;0;1;0;2;0
1144;22/11/2022;13:32:00;OF-019;Valencia;0;22;0;medio;manana;1;1;0;2;0
1145;25/11/2021;13:26:00;OF-003;Barcelona;0;28;1;bajo;tarde;0;0;0;3;1
1146;25/11/2021;13:42:00;OF-011;Madrid;0;12;1;bajo;manana;0;1;0;1;0
1147;26/11/2021;13:48:00;OF-020;Valladolid;0;26;0;medio;manana;0;0;0;1;0
1148;26/11/2021;9:00:00;OF-024;Zaragoza;0;26;1;alto;tarde;1;0;1;2;0
1149;27/11/2021;14:26:00;OF-019;Valencia;0;27;0;medio;tarde;0;1;0;0;0
1150;28/11/2021;14:04:00;OF-008;Gij?;0;28;0;medio;manana;1;0;0;0;1
1151;28/11/2021;8:59:00;OF-015;Salamanca;0;28;1;alto;tarde;0;0;0;1;0
1152;28/11/2021;13:31:00;OF-017;Sevilla;0;28;1;alto;tarde;0;0;0;0;0
1153;28/11/2021;9:17:00;OF-025;Madrid;0;28;0;bajo;manana;1;1;1;1;1
1154;29/11/2021;9:22:00;OF-004;Barcelona;0;4;0;medio;manana;0;1;1;0;1
1155;29/11/2021;9:30:00;OF-020;Valladolid;0;29;1;alto;manana;0;0;1;1;0
1156;30/11/2021;14:09:00;OF-002;Alicante;0;30;0;medio;tarde;1;0;1;1;0
1157;30/11/2021;9:15:00;OF-011;Madrid;0;15;0;bajo;tarde;0;0;0;2;0
1158;01/12/2021;8:45:00;OF-010;Las Palmas;0;1;0;medio;manana;0;1;1;0;0
1159;01/12/2021;14:03:00;OF-028;Valencia;0;1;1;alto;tarde;0;1;0;0;0
1160;03/12/2021;9:30:00;OF-008;Gij?;0;3;1;alto;tarde;1;0;0;2;0
1161;05/12/2021;8:45:00;OF-002;Alicante;0;5;1;alto;tarde;1;0;0;1;0
1162;05/12/2021;13:33:00;OF-005;Bilbao;0;5;0;medio;manana;0;0;0;2;0
1163;06/12/2021;14:20:00;OF-018;Tenerife;0;6;0;bajo;manana;1;0;0;1;0
1164;07/12/2021;8:59:00;OF-024;Zaragoza;0;7;1;alto;tarde;1;0;0;1;1
1165;08/12/2022;14:13:00;OF-001;A Coruna;0;8;1;alto;manana;1;1;1;1;0
1166;08/12/2022;17:47:00;OF-016;Santander;0;8;0;medio;tarde;0;0;0;2;1
1167;10/12/2021;14:18:00;OF-010;Las Palmas;0;10;1;alto;tarde;1;1;0;1;1
1168;10/12/2021;9:17:00;OF-017;Sevilla;0;10;0;medio;manana;0;1;1;0;0
1169;12/12/2021;13:41:00;OF-014;Oviedo;0;12;1;alto;tarde;1;0;0;0;0
1170;12/12/2021;13:31:00;OF-019;Valencia;0;12;0;medio;manana;0;0;0;1;0
1171;12/12/2021;13:51:00;OF-021;Vigo;0;12;1;bajo;tarde;0;0;1;0;0
1172;12/12/2021;9:16:00;OF-027;Madrid;0;12;1;alto;tarde;0;1;0;4;0
1173;13/12/2021;13:38:00;OF-007;C?doba;0;13;1;alto;tarde;0;0;0;0;0
1174;13/12/2021;13:41:00;OF-024;Zaragoza;0;13;0;medio;tarde;0;0;1;3;1
1175;13/12/2021;9:28:00;OF-025;Madrid;0;13;1;alto;manana;0;1;0;1;0
1176;13/12/2021;16:11:00;OF-026;Barcelona;0;13;1;alto;tarde;1;1;1;0;0
1177;17/12/2021;14:28:00;OF-022;Madrid;0;17;0;bajo;manana;1;1;1;0;0
1178;17/12/2021;17:41:00;OF-022;Madrid;0;17;1;bajo;manana;0;0;0;4;0
1179;18/12/2022;14:03:00;OF-005;Bilbao;0;18;0;medio;manana;1;0;1;0;1
1180;22/12/2022;8:58:00;OF-006;C?iz;0;22;1;alto;tarde;1;0;1;0;0
1181;22/12/2022;14:23:00;OF-014;Oviedo;0;22;1;alto;tarde;0;0;0;1;0
1182;28/12/2022;9:12:00;OF-006;C?iz;0;28;1;alto;manana;1;0;1;1;0
1183;28/12/2022;13:59:00;OF-020;Valladolid;0;28;1;alto;manana;0;1;0;0;0
1184;29/12/2022;13:29:00;OF-004;Barcelona;0;29;0;bajo;manana;0;1;1;0;0
1185;29/12/2022;13:55:00;OF-013;Murcia;0;15;0;medio;tarde;0;1;0;2;0
1186;31/12/2022;14:26:00;OF-019;Valencia;0;31;0;medio;tarde;1;1;1;2;0
1187;31/12/2022;9:10:00;OF-020;Valladolid;0;31;0;medio;tarde;1;0;0;0;1
